threshold,cal_sens,cal_spec,test_sens,test_spec
0.0,1.0,0.0,1.0,0.0
0.0005,1.0,0.4409,0.9964,0.1032
0.001,1.0,0.4409,0.9964,0.1032
0.0015,1.0,0.4409,0.9964,0.1032
0.002,1.0,0.4409,0.9964,0.1032
0.0025,1.0,0.4409,0.9964,0.1032
0.003,1.0,0.4409,0.9964,0.1032
0.0035,1.0,0.4409,0.9964,0.1032
0.004,1.0,0.4409,0.9964,0.1032
0.0045,1.0,0.8079,0.9893,0.3038
0.005,1.0,0.8079,0.9893,0.3038
0.0055,1.0,0.8079,0.9893,0.3039
0.006,1.0,0.8079,0.9893,0.3039
0.0065,1.0,0.8079,0.9893,0.3039
0.007,1.0,0.8079,0.9893,0.3039
0.0075,1.0,0.8079,0.9893,0.3039
0.008,1.0,0.8079,0.9893,0.3039
0.0085,1.0,0.8079,0.9893,0.3039
0.009,1.0,0.8079,0.9893,0.3039
0.0095,1.0,0.8079,0.9893,0.3039
0.01,1.0,0.8079,0.9893,0.3039
0.0105,1.0,0.8079,0.9893,0.3039
0.011,1.0,0.8079,0.9893,0.3039
0.0115,1.0,0.8079,0.9893,0.3039
0.012,1.0,0.8079,0.9893,0.3039
0.0125,1.0,0.8079,0.9893,0.3039
0.013,1.0,0.8079,0.9893,0.3039
0.0135,1.0,0.8079,0.9893,0.3039
0.014,1.0,0.8079,0.9893,0.3039
0.0145,1.0,0.8079,0.9893,0.3039
0.015,1.0,0.8079,0.9893,0.3039
0.0155,1.0,0.8079,0.9893,0.3039
0.016,1.0,0.8079,0.9893,0.3039
0.0165,1.0,0.8079,0.9893,0.3039
0.017,1.0,0.8448,0.9893,0.3261
0.0175,1.0,0.8448,0.9893,0.3261
0.018,1.0,0.8448,0.9893,0.3261
0.0185,1.0,0.8448,0.9893,0.3265
0.019,1.0,0.8448,0.9893,0.3265
0.0195,1.0,0.8448,0.9893,0.3265
0.02,1.0,0.8448,0.9893,0.3265
0.0205,1.0,0.8448,0.9893,0.3265
0.021,1.0,0.8448,0.9893,0.3265
0.0215,1.0,0.8448,0.9893,0.3265
0.022,1.0,0.8448,0.9893,0.3265
0.0225,1.0,0.8448,0.9893,0.3267
0.023,1.0,0.8695,0.9893,0.3618
0.0235,1.0,0.8719,0.9893,0.3618
0.024,1.0,0.9039,0.9839,0.4261
0.0245,1.0,0.9039,0.9839,0.4261
0.025,0.9924,0.9754,0.941,0.5827
0.0255,0.9924,0.9754,0.941,0.5827
0.026,0.9924,0.9754,0.941,0.5827
0.0265,0.9924,0.9754,0.941,0.5829
0.027,0.9924,0.9754,0.941,0.5829
0.0275,0.9924,0.9754,0.941,0.5829
0.028,0.9924,0.9754,0.941,0.5829
0.0285,0.9924,0.9754,0.941,0.5829
0.029,0.9924,0.9754,0.941,0.5829
0.0295,0.9924,0.9754,0.941,0.5831
0.03,0.9924,0.9754,0.941,0.5831
0.0305,0.9924,0.9754,0.941,0.5831
0.031,0.9924,0.9754,0.941,0.5838
0.0315,0.9924,0.9754,0.941,0.5838
0.032,0.9924,0.9754,0.941,0.5838
0.0325,0.868,1.0,0.8569,0.8128
0.033,0.868,1.0,0.8569,0.8128
0.0335,0.868,1.0,0.8569,0.8128
0.034,0.868,1.0,0.8569,0.8128
0.0345,0.868,1.0,0.8569,0.8128
0.035,0.868,1.0,0.8569,0.8128
0.0355,0.868,1.0,0.8569,0.8128
0.036,0.868,1.0,0.8569,0.8128
0.0365,0.868,1.0,0.8569,0.8128
0.037,0.868,1.0,0.8569,0.8128
0.0375,0.868,1.0,0.8569,0.8128
0.038,0.868,1.0,0.8569,0.8128
0.0385,0.868,1.0,0.8569,0.8128
0.039,0.868,1.0,0.8569,0.8128
0.0395,0.868,1.0,0.8569,0.8128
0.04,0.868,1.0,0.8569,0.8128
0.0405,0.868,1.0,0.8569,0.8128
0.041,0.868,1.0,0.8569,0.8128
0.0415,0.868,1.0,0.8569,0.8128
0.042,0.868,1.0,0.8569,0.8128
0.0425,0.868,1.0,0.8569,0.8128
0.043,0.868,1.0,0.8569,0.8128
0.0435,0.868,1.0,0.8569,0.8128
0.044,0.868,1.0,0.8569,0.8128
0.0445,0.868,1.0,0.8569,0.8128
0.045,0.868,1.0,0.8569,0.8128
0.0455,0.868,1.0,0.8569,0.8128
0.046,0.868,1.0,0.8569,0.8128
0.0465,0.868,1.0,0.8569,0.8128
0.047,0.868,1.0,0.8569,0.8128
0.0475,0.868,1.0,0.8569,0.8128
0.048,0.868,1.0,0.8569,0.8128
0.0485,0.868,1.0,0.8569,0.8128
0.049,0.868,1.0,0.8569,0.8128
0.0495,0.868,1.0,0.8569,0.8128
0.05,0.868,1.0,0.8569,0.8128
0.0505,0.868,1.0,0.8569,0.8128
0.051,0.868,1.0,0.8569,0.813
0.0515,0.868,1.0,0.8569,0.813
0.052,0.868,1.0,0.8569,0.813
0.0525,0.868,1.0,0.8569,0.813
0.053,0.868,1.0,0.8569,0.813
0.0535,0.868,1.0,0.8569,0.8132
0.054,0.868,1.0,0.8569,0.8132
0.0545,0.868,1.0,0.8569,0.8132
0.055,0.8579,1.0,0.8354,0.8383
0.0555,0.8579,1.0,0.8354,0.8383
0.056,0.8579,1.0,0.8354,0.8383
0.0565,0.8579,1.0,0.8354,0.8383
0.057,0.8579,1.0,0.8354,0.8383
0.0575,0.8579,1.0,0.8354,0.8383
0.058,0.8579,1.0,0.8354,0.8383
0.0585,0.8579,1.0,0.8354,0.8383
0.059,0.8579,1.0,0.8354,0.8383
0.0595,0.8579,1.0,0.8354,0.8383
0.06,0.8579,1.0,0.8354,0.8383
0.0605,0.8579,1.0,0.8354,0.8383
0.061,0.8579,1.0,0.8354,0.8383
0.0615,0.8579,1.0,0.8354,0.8383
0.062,0.8579,1.0,0.8354,0.8383
0.0625,0.8579,1.0,0.8354,0.8383
0.063,0.8579,1.0,0.8354,0.8383
0.0635,0.8579,1.0,0.8354,0.8383
0.064,0.8579,1.0,0.8354,0.8385
0.0645,0.8579,1.0,0.8354,0.8385
0.065,0.8579,1.0,0.8354,0.8385
0.0655,0.8579,1.0,0.8354,0.8385
0.066,0.8579,1.0,0.8354,0.8385
0.0665,0.8579,1.0,0.8354,0.8389
0.067,0.8579,1.0,0.8354,0.8389
0.0675,0.8579,1.0,0.8354,0.8389
0.068,0.8579,1.0,0.8354,0.8389
0.0685,0.8579,1.0,0.8354,0.8391
0.069,0.8579,1.0,0.8354,0.8393
0.0695,0.8579,1.0,0.8354,0.8393
0.07,0.8579,1.0,0.8354,0.8395
0.0705,0.8579,1.0,0.8354,0.8397
0.071,0.8579,1.0,0.8354,0.8397
0.0715,0.8579,1.0,0.8354,0.8397
0.072,0.8579,1.0,0.8354,0.8397
0.0725,0.8579,1.0,0.8354,0.8397
0.073,0.8579,1.0,0.8354,0.8397
0.0735,0.8579,1.0,0.8354,0.8397
0.074,0.8579,1.0,0.8354,0.8397
0.0745,0.8579,1.0,0.8354,0.8397
0.075,0.8579,1.0,0.8354,0.8397
0.0755,0.8579,1.0,0.8354,0.8397
0.076,0.8579,1.0,0.8354,0.8398
0.0765,0.8579,1.0,0.8354,0.8398
0.077,0.8579,1.0,0.8354,0.8398
0.0775,0.8579,1.0,0.8354,0.8398
0.078,0.8579,1.0,0.8354,0.8398
0.0785,0.8579,1.0,0.8354,0.8398
0.079,0.8579,1.0,0.8354,0.8398
0.0795,0.8579,1.0,0.8354,0.8398
0.08,0.8579,1.0,0.8354,0.8398
0.0805,0.8579,1.0,0.8354,0.8398
0.081,0.8579,1.0,0.8354,0.8398
0.0815,0.8579,1.0,0.8354,0.84
0.082,0.8579,1.0,0.8354,0.84
0.0825,0.8325,1.0,0.8122,0.8643
0.083,0.8325,1.0,0.8122,0.8643
0.0835,0.8325,1.0,0.8122,0.8643
0.084,0.8325,1.0,0.8122,0.8643
0.0845,0.8325,1.0,0.8122,0.8643
0.085,0.8325,1.0,0.8122,0.8643
0.0855,0.8325,1.0,0.8122,0.8645
0.086,0.8325,1.0,0.8122,0.8647
0.0865,0.8325,1.0,0.8122,0.8648
0.087,0.8325,1.0,0.8122,0.8648
0.0875,0.8325,1.0,0.8122,0.8648
0.088,0.8325,1.0,0.8122,0.8648
0.0885,0.8325,1.0,0.8122,0.865
0.089,0.8325,1.0,0.8122,0.865
0.0895,0.8325,1.0,0.8122,0.865
0.09,0.8325,1.0,0.8122,0.865
0.0905,0.8325,1.0,0.8122,0.865
0.091,0.8325,1.0,0.8122,0.865
0.0915,0.8299,1.0,0.8122,0.865
0.092,0.8299,1.0,0.8122,0.865
0.0925,0.8299,1.0,0.8122,0.865
0.093,0.8299,1.0,0.8122,0.865
0.0935,0.6954,1.0,0.7138,0.9348
0.094,0.6954,1.0,0.7138,0.9348
0.0945,0.6954,1.0,0.7138,0.9348
0.095,0.6954,1.0,0.7138,0.9348
0.0955,0.6954,1.0,0.7138,0.9348
0.096,0.6954,1.0,0.7138,0.935
0.0965,0.6954,1.0,0.7138,0.935
0.097,0.6954,1.0,0.7138,0.935
0.0975,0.6954,1.0,0.7138,0.935
0.098,0.6954,1.0,0.7138,0.935
0.0985,0.6954,1.0,0.7138,0.935
0.099,0.6954,1.0,0.7138,0.935
0.0995,0.6954,1.0,0.7138,0.935
0.1001,0.6954,1.0,0.7138,0.935
0.1006,0.6954,1.0,0.7138,0.935
0.1011,0.6954,1.0,0.7138,0.935
0.1016,0.6954,1.0,0.7138,0.9352
0.1021,0.6954,1.0,0.7138,0.9352
0.1026,0.6954,1.0,0.7138,0.9353
0.1031,0.6954,1.0,0.712,0.9353
0.1036,0.6954,1.0,0.712,0.9353
0.1041,0.6954,1.0,0.712,0.9353
0.1046,0.6954,1.0,0.712,0.9353
0.1051,0.6954,1.0,0.712,0.9353
0.1056,0.6954,1.0,0.712,0.9353
0.1061,0.6954,1.0,0.712,0.9353
0.1066,0.6954,1.0,0.712,0.9353
0.1071,0.6954,1.0,0.712,0.9355
0.1076,0.6954,1.0,0.712,0.9355
0.1081,0.6954,1.0,0.712,0.9355
0.1086,0.6954,1.0,0.712,0.9355
0.1091,0.6954,1.0,0.712,0.9355
0.1096,0.6954,1.0,0.712,0.9355
0.1101,0.6954,1.0,0.712,0.9355
0.1106,0.6954,1.0,0.712,0.9355
0.1111,0.6954,1.0,0.712,0.9355
0.1116,0.6954,1.0,0.712,0.9355
0.1121,0.6954,1.0,0.712,0.9355
0.1126,0.6954,1.0,0.712,0.9355
0.1131,0.6954,1.0,0.712,0.9355
0.1136,0.6954,1.0,0.712,0.9359
0.1141,0.6954,1.0,0.712,0.9359
0.1146,0.6954,1.0,0.712,0.9359
0.1151,0.6954,1.0,0.712,0.9359
0.1156,0.6548,1.0,0.6816,0.9468
0.1161,0.6548,1.0,0.6816,0.9468
0.1166,0.6548,1.0,0.6816,0.9468
0.1171,0.6548,1.0,0.6816,0.9468
0.1176,0.6548,1.0,0.6816,0.9468
0.1181,0.6548,1.0,0.6816,0.9468
0.1186,0.6548,1.0,0.6816,0.9468
0.1191,0.6548,1.0,0.6816,0.9468
0.1196,0.6548,1.0,0.6816,0.9468
0.1201,0.6548,1.0,0.6816,0.9468
0.1206,0.6548,1.0,0.6816,0.9468
0.1211,0.6548,1.0,0.6816,0.9468
0.1216,0.6548,1.0,0.6816,0.9468
0.1221,0.6548,1.0,0.6816,0.9468
0.1226,0.6548,1.0,0.6816,0.9468
0.1231,0.6548,1.0,0.6816,0.9468
0.1236,0.6548,1.0,0.6816,0.9468
0.1241,0.6548,1.0,0.6816,0.9468
0.1246,0.6548,1.0,0.6816,0.9468
0.1251,0.6548,1.0,0.6816,0.9468
0.1256,0.6548,1.0,0.6816,0.9468
0.1261,0.6548,1.0,0.6816,0.9468
0.1266,0.6548,1.0,0.6816,0.9468
0.1271,0.6548,1.0,0.6816,0.9468
0.1276,0.6548,1.0,0.6816,0.9468
0.1281,0.6548,1.0,0.6816,0.9468
0.1286,0.6548,1.0,0.6816,0.9468
0.1291,0.6548,1.0,0.6816,0.9468
0.1296,0.6548,1.0,0.6816,0.9468
0.1301,0.6548,1.0,0.6816,0.9468
0.1306,0.6548,1.0,0.6816,0.9468
0.1311,0.6548,1.0,0.6816,0.9468
0.1316,0.6548,1.0,0.6816,0.9468
0.1321,0.6548,1.0,0.6816,0.9468
0.1326,0.6548,1.0,0.6816,0.9468
0.1331,0.6548,1.0,0.6816,0.9468
0.1336,0.6548,1.0,0.6816,0.9468
0.1341,0.6548,1.0,0.6816,0.9468
0.1346,0.6548,1.0,0.6816,0.9468
0.1351,0.6548,1.0,0.6816,0.9468
0.1356,0.6548,1.0,0.6816,0.9468
0.1361,0.6548,1.0,0.6816,0.9468
0.1366,0.6548,1.0,0.6816,0.9468
0.1371,0.6548,1.0,0.6816,0.9468
0.1376,0.6548,1.0,0.6816,0.9468
0.1381,0.6548,1.0,0.6816,0.9468
0.1386,0.6548,1.0,0.6816,0.9468
0.1391,0.6548,1.0,0.6816,0.9468
0.1396,0.6548,1.0,0.6816,0.9468
0.1401,0.6548,1.0,0.6816,0.9468
0.1406,0.6548,1.0,0.6816,0.9468
0.1411,0.6548,1.0,0.6816,0.9468
0.1416,0.6548,1.0,0.6816,0.9468
0.1421,0.6548,1.0,0.6816,0.9468
0.1426,0.6548,1.0,0.6816,0.9468
0.1431,0.6548,1.0,0.6816,0.9468
0.1436,0.6548,1.0,0.6816,0.9468
0.1441,0.6548,1.0,0.6816,0.9468
0.1446,0.6548,1.0,0.6816,0.9468
0.1451,0.6548,1.0,0.6816,0.9468
0.1456,0.6548,1.0,0.6816,0.9468
0.1461,0.6548,1.0,0.6816,0.9468
0.1466,0.6548,1.0,0.6816,0.9468
0.1471,0.6548,1.0,0.6816,0.9468
0.1476,0.6548,1.0,0.6816,0.9468
0.1481,0.6548,1.0,0.6816,0.9468
0.1486,0.6548,1.0,0.6816,0.9468
0.1491,0.6548,1.0,0.6816,0.9468
0.1496,0.6548,1.0,0.6816,0.9468
0.1501,0.6548,1.0,0.6816,0.9468
0.1506,0.6548,1.0,0.6816,0.9468
0.1511,0.6548,1.0,0.6816,0.9468
0.1516,0.6548,1.0,0.6816,0.9468
0.1521,0.6548,1.0,0.6816,0.9468
0.1526,0.6548,1.0,0.6816,0.9468
0.1531,0.6548,1.0,0.6816,0.9468
0.1536,0.6548,1.0,0.6816,0.9468
0.1541,0.6548,1.0,0.6816,0.9468
0.1546,0.6548,1.0,0.6816,0.9468
0.1551,0.6548,1.0,0.6816,0.9468
0.1556,0.6548,1.0,0.6816,0.9468
0.1561,0.6548,1.0,0.6816,0.9468
0.1566,0.6548,1.0,0.6816,0.9468
0.1571,0.6548,1.0,0.6816,0.9468
0.1576,0.6548,1.0,0.6816,0.9468
0.1581,0.6548,1.0,0.6816,0.9468
0.1586,0.6548,1.0,0.6816,0.9468
0.1591,0.6548,1.0,0.6816,0.9468
0.1596,0.6548,1.0,0.6816,0.9468
0.1601,0.6548,1.0,0.6816,0.9468
0.1606,0.6548,1.0,0.6816,0.9468
0.1611,0.6548,1.0,0.6816,0.9468
0.1616,0.6548,1.0,0.6816,0.9468
0.1621,0.6548,1.0,0.6816,0.9468
0.1626,0.6548,1.0,0.6816,0.9468
0.1631,0.6548,1.0,0.6816,0.9468
0.1636,0.6548,1.0,0.6816,0.9468
0.1641,0.6548,1.0,0.6816,0.9468
0.1646,0.6548,1.0,0.6816,0.9468
0.1651,0.6548,1.0,0.6816,0.9468
0.1656,0.6548,1.0,0.6816,0.9468
0.1661,0.6548,1.0,0.6816,0.9468
0.1666,0.6548,1.0,0.6816,0.947
0.1671,0.6548,1.0,0.6816,0.947
0.1676,0.6548,1.0,0.6816,0.947
0.1681,0.6548,1.0,0.6816,0.947
0.1686,0.6548,1.0,0.6816,0.947
0.1691,0.6548,1.0,0.6816,0.947
0.1696,0.6548,1.0,0.6816,0.947
0.1701,0.6548,1.0,0.6816,0.947
0.1706,0.6548,1.0,0.6816,0.947
0.1711,0.6548,1.0,0.6816,0.947
0.1716,0.6548,1.0,0.6816,0.947
0.1721,0.6548,1.0,0.6816,0.947
0.1726,0.6548,1.0,0.6816,0.947
0.1731,0.6548,1.0,0.6816,0.947
0.1736,0.6548,1.0,0.6816,0.947
0.1741,0.6548,1.0,0.6816,0.947
0.1746,0.6548,1.0,0.6816,0.947
0.1751,0.6548,1.0,0.6816,0.947
0.1756,0.6548,1.0,0.6816,0.947
0.1761,0.6548,1.0,0.6816,0.947
0.1766,0.6548,1.0,0.6816,0.947
0.1771,0.6548,1.0,0.6816,0.947
0.1776,0.6548,1.0,0.6816,0.947
0.1781,0.6548,1.0,0.6816,0.947
0.1786,0.6548,1.0,0.6816,0.947
0.1791,0.6548,1.0,0.6816,0.947
0.1796,0.6548,1.0,0.6816,0.947
0.1801,0.6548,1.0,0.6816,0.947
0.1806,0.6548,1.0,0.6816,0.947
0.1811,0.6548,1.0,0.6816,0.947
0.1816,0.6548,1.0,0.6816,0.947
0.1821,0.6548,1.0,0.6816,0.947
0.1826,0.6548,1.0,0.6816,0.947
0.1831,0.6548,1.0,0.6816,0.947
0.1836,0.6548,1.0,0.6816,0.947
0.1841,0.6548,1.0,0.6816,0.947
0.1846,0.6548,1.0,0.6816,0.947
0.1851,0.6548,1.0,0.6816,0.947
0.1856,0.6548,1.0,0.6816,0.947
0.1861,0.6548,1.0,0.6816,0.947
0.1866,0.6548,1.0,0.6816,0.947
0.1871,0.6548,1.0,0.6816,0.947
0.1876,0.6548,1.0,0.6816,0.947
0.1881,0.6548,1.0,0.6816,0.9472
0.1886,0.6548,1.0,0.6816,0.9472
0.1891,0.6548,1.0,0.6816,0.9472
0.1896,0.6548,1.0,0.6816,0.9472
0.1901,0.6548,1.0,0.6816,0.9472
0.1906,0.6548,1.0,0.6816,0.9472
0.1911,0.6548,1.0,0.6816,0.9472
0.1916,0.6548,1.0,0.6816,0.9472
0.1921,0.6548,1.0,0.6816,0.9472
0.1926,0.6548,1.0,0.6816,0.9474
0.1931,0.6548,1.0,0.6816,0.9474
0.1936,0.6548,1.0,0.6816,0.9474
0.1941,0.6548,1.0,0.6816,0.9474
0.1946,0.6548,1.0,0.6816,0.9474
0.1951,0.6548,1.0,0.6816,0.9474
0.1956,0.6548,1.0,0.6816,0.9474
0.1961,0.6548,1.0,0.6816,0.9474
0.1966,0.6548,1.0,0.6816,0.9474
0.1971,0.6548,1.0,0.6816,0.9474
0.1976,0.6548,1.0,0.6816,0.9474
0.1981,0.6548,1.0,0.6816,0.9474
0.1986,0.6548,1.0,0.6816,0.9474
0.1991,0.6548,1.0,0.6816,0.9474
0.1996,0.6548,1.0,0.6816,0.9474
0.2001,0.6548,1.0,0.6816,0.9474
0.2006,0.6548,1.0,0.6816,0.9474
0.2011,0.6548,1.0,0.6816,0.9474
0.2016,0.6548,1.0,0.6816,0.9474
0.2021,0.6548,1.0,0.6816,0.9474
0.2026,0.6548,1.0,0.6816,0.9474
0.2031,0.6548,1.0,0.6816,0.9474
0.2036,0.6548,1.0,0.6816,0.9474
0.2041,0.6548,1.0,0.6816,0.9474
0.2046,0.6548,1.0,0.6816,0.9474
0.2051,0.6548,1.0,0.6816,0.9474
0.2056,0.6548,1.0,0.6816,0.9474
0.2061,0.6548,1.0,0.6816,0.9474
0.2066,0.6548,1.0,0.6816,0.9474
0.2071,0.6548,1.0,0.6816,0.9474
0.2076,0.6548,1.0,0.6816,0.9474
0.2081,0.6548,1.0,0.6816,0.9474
0.2086,0.6548,1.0,0.6816,0.9474
0.2091,0.6548,1.0,0.6816,0.9474
0.2096,0.6548,1.0,0.6816,0.9474
0.2101,0.6548,1.0,0.6816,0.9474
0.2106,0.6269,1.0,0.6547,0.9541
0.2111,0.6269,1.0,0.6547,0.9543
0.2116,0.6269,1.0,0.6547,0.9543
0.2121,0.6269,1.0,0.6547,0.9543
0.2126,0.6269,1.0,0.6547,0.9543
0.2131,0.6269,1.0,0.6547,0.9543
0.2136,0.6269,1.0,0.6547,0.9543
0.2141,0.6269,1.0,0.6547,0.9543
0.2146,0.6269,1.0,0.6547,0.9543
0.2151,0.6269,1.0,0.6547,0.9543
0.2156,0.6269,1.0,0.6547,0.9543
0.2161,0.6269,1.0,0.6547,0.9543
0.2166,0.6269,1.0,0.6547,0.9543
0.2171,0.6269,1.0,0.6547,0.9543
0.2176,0.6269,1.0,0.6547,0.9543
0.2181,0.6269,1.0,0.6547,0.9543
0.2186,0.6269,1.0,0.6547,0.9543
0.2191,0.6269,1.0,0.6547,0.9543
0.2196,0.6269,1.0,0.6547,0.9543
0.2201,0.6269,1.0,0.6547,0.9543
0.2206,0.6269,1.0,0.6547,0.9543
0.2211,0.6269,1.0,0.6547,0.9543
0.2216,0.6269,1.0,0.6547,0.9543
0.2221,0.6269,1.0,0.6547,0.9543
0.2226,0.6269,1.0,0.6547,0.9543
0.2231,0.6269,1.0,0.6547,0.9543
0.2236,0.6269,1.0,0.6547,0.9543
0.2241,0.6269,1.0,0.6547,0.9543
0.2246,0.6269,1.0,0.6547,0.9543
0.2251,0.6269,1.0,0.6547,0.9543
0.2256,0.6269,1.0,0.6547,0.9543
0.2261,0.6269,1.0,0.6547,0.9543
0.2266,0.6269,1.0,0.6547,0.9543
0.2271,0.6269,1.0,0.6547,0.9543
0.2276,0.6269,1.0,0.6547,0.9543
0.2281,0.6269,1.0,0.6547,0.9543
0.2286,0.6269,1.0,0.6547,0.9543
0.2291,0.6269,1.0,0.6547,0.9543
0.2296,0.6269,1.0,0.6547,0.9543
0.2301,0.6269,1.0,0.6547,0.9543
0.2306,0.6269,1.0,0.6547,0.9543
0.2311,0.6269,1.0,0.6547,0.9543
0.2316,0.6269,1.0,0.6547,0.9543
0.2321,0.6269,1.0,0.6547,0.9543
0.2326,0.6269,1.0,0.6547,0.9543
0.2331,0.6269,1.0,0.6547,0.9543
0.2336,0.6269,1.0,0.6547,0.9543
0.2341,0.6269,1.0,0.6547,0.9543
0.2346,0.6269,1.0,0.6547,0.9543
0.2351,0.6269,1.0,0.6547,0.9543
0.2356,0.6269,1.0,0.6547,0.9543
0.2361,0.6269,1.0,0.6547,0.9543
0.2366,0.6269,1.0,0.6547,0.9543
0.2371,0.6269,1.0,0.6547,0.9543
0.2376,0.6269,1.0,0.6547,0.9543
0.2381,0.6269,1.0,0.6547,0.9543
0.2386,0.6269,1.0,0.6547,0.9543
0.2391,0.6269,1.0,0.6547,0.9543
0.2396,0.6269,1.0,0.6547,0.9543
0.2401,0.6269,1.0,0.6547,0.9543
0.2406,0.6269,1.0,0.6547,0.9543
0.2411,0.6269,1.0,0.6547,0.9543
0.2416,0.6269,1.0,0.6547,0.9543
0.2421,0.6269,1.0,0.6547,0.9543
0.2426,0.6269,1.0,0.6547,0.9543
0.2431,0.6269,1.0,0.6547,0.9545
0.2436,0.6269,1.0,0.6547,0.9545
0.2441,0.6269,1.0,0.6547,0.9545
0.2446,0.6269,1.0,0.6547,0.9545
0.2451,0.6269,1.0,0.6547,0.9545
0.2456,0.6269,1.0,0.6547,0.9545
0.2461,0.6269,1.0,0.6547,0.9545
0.2466,0.6269,1.0,0.6547,0.9545
0.2471,0.6269,1.0,0.6547,0.9545
0.2476,0.6269,1.0,0.6547,0.9545
0.2481,0.6269,1.0,0.6547,0.9545
0.2486,0.6269,1.0,0.6547,0.9545
0.2491,0.6269,1.0,0.6547,0.9545
0.2496,0.6269,1.0,0.6547,0.9545
0.2501,0.6269,1.0,0.6547,0.9545
0.2506,0.6269,1.0,0.6547,0.9545
0.2511,0.6269,1.0,0.6547,0.9545
0.2516,0.6269,1.0,0.6547,0.9545
0.2521,0.6269,1.0,0.6547,0.9545
0.2526,0.6269,1.0,0.6547,0.9545
0.2531,0.6269,1.0,0.6547,0.9545
0.2536,0.6269,1.0,0.6547,0.9545
0.2541,0.6269,1.0,0.6547,0.9545
0.2546,0.6269,1.0,0.6547,0.9545
0.2551,0.6269,1.0,0.6547,0.9545
0.2556,0.6269,1.0,0.6547,0.9545
0.2561,0.6269,1.0,0.6547,0.9545
0.2566,0.6269,1.0,0.6547,0.9545
0.2571,0.6269,1.0,0.6547,0.9545
0.2576,0.6269,1.0,0.6547,0.9545
0.2581,0.6269,1.0,0.6547,0.9545
0.2586,0.6269,1.0,0.6547,0.9545
0.2591,0.6269,1.0,0.6547,0.9545
0.2596,0.6142,1.0,0.6243,0.9598
0.2601,0.6142,1.0,0.6243,0.9598
0.2606,0.6142,1.0,0.6243,0.9598
0.2611,0.6142,1.0,0.6243,0.9598
0.2616,0.6142,1.0,0.6243,0.9598
0.2621,0.6142,1.0,0.6243,0.9598
0.2626,0.6142,1.0,0.6243,0.9598
0.2631,0.6142,1.0,0.6243,0.9598
0.2636,0.6142,1.0,0.6243,0.9598
0.2641,0.6142,1.0,0.6243,0.9598
0.2646,0.6142,1.0,0.6243,0.9598
0.2651,0.6142,1.0,0.6243,0.9598
0.2656,0.6142,1.0,0.6243,0.9598
0.2661,0.6142,1.0,0.6243,0.9598
0.2666,0.6142,1.0,0.6243,0.9598
0.2671,0.6142,1.0,0.6243,0.9598
0.2676,0.6142,1.0,0.6243,0.9598
0.2681,0.6142,1.0,0.6243,0.9598
0.2686,0.6142,1.0,0.6243,0.9598
0.2691,0.6142,1.0,0.6243,0.9598
0.2696,0.6142,1.0,0.6243,0.9598
0.2701,0.6142,1.0,0.6243,0.9598
0.2706,0.6142,1.0,0.6243,0.9598
0.2711,0.6142,1.0,0.6243,0.9598
0.2716,0.6142,1.0,0.6243,0.9598
0.2721,0.6142,1.0,0.6243,0.9598
0.2726,0.6142,1.0,0.6243,0.9598
0.2731,0.6142,1.0,0.6243,0.9598
0.2736,0.6142,1.0,0.6243,0.9598
0.2741,0.6142,1.0,0.6243,0.9598
0.2746,0.6142,1.0,0.6243,0.9598
0.2751,0.6142,1.0,0.6243,0.9598
0.2756,0.6142,1.0,0.6243,0.9598
0.2761,0.6142,1.0,0.6243,0.9598
0.2766,0.6142,1.0,0.6243,0.9598
0.2771,0.6142,1.0,0.6243,0.9598
0.2776,0.6142,1.0,0.6243,0.9598
0.2781,0.6142,1.0,0.6243,0.9598
0.2786,0.6142,1.0,0.6243,0.9598
0.2791,0.6142,1.0,0.6243,0.9598
0.2796,0.6142,1.0,0.6243,0.9598
0.2801,0.6142,1.0,0.6243,0.9598
0.2806,0.6142,1.0,0.6243,0.9598
0.2811,0.6142,1.0,0.6243,0.9598
0.2816,0.6142,1.0,0.6243,0.9598
0.2821,0.6142,1.0,0.6243,0.9598
0.2826,0.6142,1.0,0.6243,0.9598
0.2831,0.6142,1.0,0.6243,0.9598
0.2836,0.6142,1.0,0.6243,0.9598
0.2841,0.6142,1.0,0.6243,0.9598
0.2846,0.6142,1.0,0.6243,0.9598
0.2851,0.6142,1.0,0.6243,0.9598
0.2856,0.6142,1.0,0.6243,0.9598
0.2861,0.6142,1.0,0.6243,0.9598
0.2866,0.6142,1.0,0.6243,0.9598
0.2871,0.6142,1.0,0.6243,0.9598
0.2876,0.6142,1.0,0.6243,0.9598
0.2881,0.6142,1.0,0.6243,0.9598
0.2886,0.6142,1.0,0.6243,0.9598
0.2891,0.6142,1.0,0.6243,0.9598
0.2896,0.6142,1.0,0.6243,0.9598
0.2901,0.6142,1.0,0.6243,0.9598
0.2906,0.6142,1.0,0.6243,0.9598
0.2911,0.6142,1.0,0.6243,0.9598
0.2916,0.6142,1.0,0.6243,0.9598
0.2921,0.6142,1.0,0.6243,0.9598
0.2926,0.6142,1.0,0.6243,0.9598
0.2931,0.6142,1.0,0.6243,0.9598
0.2936,0.6142,1.0,0.6243,0.9598
0.2941,0.6142,1.0,0.6243,0.9598
0.2946,0.6142,1.0,0.6243,0.9598
0.2951,0.6142,1.0,0.6243,0.9598
0.2956,0.6142,1.0,0.6243,0.9598
0.2961,0.6142,1.0,0.6243,0.9598
0.2966,0.6142,1.0,0.6243,0.9598
0.2971,0.6142,1.0,0.6243,0.9598
0.2976,0.6142,1.0,0.6243,0.9598
0.2981,0.6142,1.0,0.6243,0.9598
0.2986,0.6142,1.0,0.6243,0.9598
0.2991,0.6142,1.0,0.6243,0.9598
0.2996,0.6142,1.0,0.6243,0.9598
0.3002,0.6142,1.0,0.6243,0.9598
0.3007,0.6142,1.0,0.6243,0.9598
0.3012,0.6142,1.0,0.6243,0.9598
0.3017,0.6142,1.0,0.6243,0.9598
0.3022,0.6142,1.0,0.6243,0.9598
0.3027,0.6142,1.0,0.6243,0.9598
0.3032,0.6142,1.0,0.6243,0.9598
0.3037,0.6142,1.0,0.6243,0.9598
0.3042,0.6142,1.0,0.6243,0.9598
0.3047,0.6142,1.0,0.6243,0.9598
0.3052,0.6142,1.0,0.6243,0.9598
0.3057,0.6142,1.0,0.6243,0.9598
0.3062,0.6142,1.0,0.6243,0.9598
0.3067,0.6142,1.0,0.6243,0.9598
0.3072,0.6142,1.0,0.6243,0.9598
0.3077,0.6142,1.0,0.6243,0.9598
0.3082,0.6142,1.0,0.6243,0.9598
0.3087,0.6142,1.0,0.6243,0.9598
0.3092,0.6142,1.0,0.6243,0.9598
0.3097,0.6142,1.0,0.6243,0.9598
0.3102,0.6142,1.0,0.6243,0.9598
0.3107,0.6142,1.0,0.6243,0.9598
0.3112,0.6142,1.0,0.6243,0.9598
0.3117,0.6142,1.0,0.6243,0.9598
0.3122,0.6142,1.0,0.6243,0.9598
0.3127,0.6142,1.0,0.6243,0.9598
0.3132,0.6142,1.0,0.6243,0.9598
0.3137,0.6142,1.0,0.6243,0.9598
0.3142,0.6142,1.0,0.6243,0.9598
0.3147,0.6142,1.0,0.6243,0.9598
0.3152,0.6142,1.0,0.6243,0.9598
0.3157,0.6142,1.0,0.6243,0.9598
0.3162,0.6142,1.0,0.6243,0.9598
0.3167,0.6142,1.0,0.6243,0.9598
0.3172,0.6142,1.0,0.6243,0.9598
0.3177,0.6142,1.0,0.6243,0.9598
0.3182,0.6142,1.0,0.6243,0.9598
0.3187,0.6142,1.0,0.6243,0.9598
0.3192,0.6142,1.0,0.6243,0.9598
0.3197,0.6142,1.0,0.6243,0.9598
0.3202,0.6142,1.0,0.6243,0.9598
0.3207,0.6142,1.0,0.6243,0.9598
0.3212,0.6142,1.0,0.6243,0.9598
0.3217,0.6142,1.0,0.6243,0.9598
0.3222,0.6142,1.0,0.6243,0.9598
0.3227,0.6142,1.0,0.6243,0.9598
0.3232,0.6142,1.0,0.6243,0.9598
0.3237,0.6142,1.0,0.6243,0.9598
0.3242,0.6142,1.0,0.6243,0.9598
0.3247,0.6142,1.0,0.6243,0.9598
0.3252,0.6142,1.0,0.6243,0.9598
0.3257,0.6142,1.0,0.6243,0.9598
0.3262,0.6142,1.0,0.6243,0.9598
0.3267,0.6142,1.0,0.6243,0.9598
0.3272,0.6142,1.0,0.6243,0.9598
0.3277,0.6142,1.0,0.6243,0.9598
0.3282,0.6142,1.0,0.6243,0.9598
0.3287,0.6142,1.0,0.6243,0.9598
0.3292,0.6142,1.0,0.6243,0.9598
0.3297,0.6142,1.0,0.6243,0.9598
0.3302,0.6142,1.0,0.6243,0.9598
0.3307,0.6142,1.0,0.6243,0.9598
0.3312,0.6142,1.0,0.6243,0.9598
0.3317,0.6142,1.0,0.6243,0.9598
0.3322,0.6142,1.0,0.6243,0.9598
0.3327,0.6142,1.0,0.6243,0.9598
0.3332,0.6142,1.0,0.6243,0.9598
0.3337,0.6142,1.0,0.6225,0.9598
0.3342,0.6142,1.0,0.6225,0.9598
0.3347,0.6142,1.0,0.6225,0.9598
0.3352,0.6142,1.0,0.6225,0.9598
0.3357,0.6142,1.0,0.6225,0.9598
0.3362,0.6142,1.0,0.6225,0.9598
0.3367,0.6142,1.0,0.6225,0.9598
0.3372,0.6142,1.0,0.6225,0.9598
0.3377,0.6142,1.0,0.6225,0.9598
0.3382,0.6142,1.0,0.6225,0.9598
0.3387,0.6142,1.0,0.6225,0.9598
0.3392,0.6142,1.0,0.6225,0.9598
0.3397,0.6142,1.0,0.6225,0.9598
0.3402,0.6142,1.0,0.6225,0.9598
0.3407,0.6142,1.0,0.6225,0.9598
0.3412,0.6142,1.0,0.6225,0.9598
0.3417,0.6142,1.0,0.6225,0.9598
0.3422,0.6142,1.0,0.6225,0.9598
0.3427,0.6142,1.0,0.6225,0.9598
0.3432,0.6142,1.0,0.6225,0.9598
0.3437,0.6142,1.0,0.6225,0.9598
0.3442,0.6142,1.0,0.6225,0.9598
0.3447,0.6142,1.0,0.6225,0.9598
0.3452,0.6142,1.0,0.6225,0.9598
0.3457,0.6142,1.0,0.6225,0.9598
0.3462,0.6142,1.0,0.6225,0.9598
0.3467,0.6142,1.0,0.6225,0.9598
0.3472,0.6142,1.0,0.6225,0.9598
0.3477,0.6142,1.0,0.6225,0.9598
0.3482,0.6142,1.0,0.6225,0.9598
0.3487,0.6142,1.0,0.6225,0.9598
0.3492,0.6142,1.0,0.6225,0.9598
0.3497,0.6142,1.0,0.6225,0.9598
0.3502,0.6142,1.0,0.6225,0.9598
0.3507,0.6142,1.0,0.6225,0.9598
0.3512,0.6142,1.0,0.6225,0.9598
0.3517,0.6142,1.0,0.6225,0.9598
0.3522,0.6142,1.0,0.6225,0.9598
0.3527,0.6142,1.0,0.6225,0.9598
0.3532,0.6142,1.0,0.6225,0.9598
0.3537,0.6142,1.0,0.6225,0.9598
0.3542,0.6142,1.0,0.6225,0.9598
0.3547,0.6142,1.0,0.6225,0.9598
0.3552,0.6142,1.0,0.6225,0.9598
0.3557,0.6142,1.0,0.6225,0.9598
0.3562,0.6142,1.0,0.6225,0.9598
0.3567,0.6142,1.0,0.6225,0.9598
0.3572,0.6142,1.0,0.6225,0.9598
0.3577,0.6142,1.0,0.6225,0.9598
0.3582,0.6142,1.0,0.6225,0.9598
0.3587,0.6142,1.0,0.6225,0.9598
0.3592,0.6142,1.0,0.6225,0.9598
0.3597,0.6142,1.0,0.6225,0.9598
0.3602,0.6142,1.0,0.6225,0.9598
0.3607,0.6142,1.0,0.6225,0.9598
0.3612,0.6142,1.0,0.6225,0.9598
0.3617,0.6142,1.0,0.6225,0.9598
0.3622,0.6142,1.0,0.6225,0.9598
0.3627,0.6142,1.0,0.6225,0.9598
0.3632,0.6142,1.0,0.6225,0.9598
0.3637,0.6142,1.0,0.6225,0.9598
0.3642,0.6142,1.0,0.6225,0.9598
0.3647,0.6142,1.0,0.6225,0.9598
0.3652,0.6142,1.0,0.6225,0.9598
0.3657,0.6142,1.0,0.6225,0.9598
0.3662,0.6142,1.0,0.6225,0.9598
0.3667,0.6142,1.0,0.6225,0.9598
0.3672,0.6142,1.0,0.6225,0.9598
0.3677,0.6142,1.0,0.6225,0.9598
0.3682,0.6142,1.0,0.6225,0.9598
0.3687,0.6142,1.0,0.6225,0.9598
0.3692,0.6142,1.0,0.6225,0.9598
0.3697,0.6142,1.0,0.6225,0.9598
0.3702,0.6142,1.0,0.6225,0.9598
0.3707,0.6142,1.0,0.6225,0.9598
0.3712,0.6142,1.0,0.6225,0.9598
0.3717,0.6142,1.0,0.6225,0.9598
0.3722,0.6142,1.0,0.6225,0.9598
0.3727,0.6142,1.0,0.6225,0.9598
0.3732,0.6142,1.0,0.6225,0.9598
0.3737,0.6142,1.0,0.6225,0.9598
0.3742,0.6142,1.0,0.6225,0.9598
0.3747,0.6142,1.0,0.6225,0.9598
0.3752,0.6142,1.0,0.6225,0.9598
0.3757,0.6142,1.0,0.6225,0.9598
0.3762,0.6142,1.0,0.6225,0.9598
0.3767,0.6142,1.0,0.6225,0.9598
0.3772,0.6142,1.0,0.6225,0.9598
0.3777,0.6142,1.0,0.6225,0.9598
0.3782,0.6142,1.0,0.6225,0.9598
0.3787,0.6142,1.0,0.6225,0.9598
0.3792,0.6142,1.0,0.6225,0.9598
0.3797,0.6142,1.0,0.6225,0.9598
0.3802,0.6142,1.0,0.6225,0.9598
0.3807,0.6142,1.0,0.6225,0.9598
0.3812,0.6142,1.0,0.6225,0.9598
0.3817,0.6142,1.0,0.6225,0.9598
0.3822,0.6142,1.0,0.6225,0.9598
0.3827,0.6142,1.0,0.6225,0.9598
0.3832,0.6142,1.0,0.6225,0.9598
0.3837,0.6142,1.0,0.6225,0.9598
0.3842,0.6142,1.0,0.6225,0.9598
0.3847,0.6142,1.0,0.6225,0.9598
0.3852,0.6142,1.0,0.6225,0.9598
0.3857,0.6142,1.0,0.6225,0.9598
0.3862,0.6142,1.0,0.6225,0.9598
0.3867,0.6142,1.0,0.6225,0.9598
0.3872,0.6142,1.0,0.6225,0.9598
0.3877,0.6142,1.0,0.6225,0.9598
0.3882,0.6142,1.0,0.6225,0.9598
0.3887,0.6142,1.0,0.6225,0.9598
0.3892,0.6142,1.0,0.6225,0.9598
0.3897,0.6142,1.0,0.6225,0.9598
0.3902,0.6142,1.0,0.6225,0.9598
0.3907,0.6142,1.0,0.6225,0.9598
0.3912,0.6142,1.0,0.6225,0.9598
0.3917,0.6142,1.0,0.6225,0.9598
0.3922,0.6142,1.0,0.6225,0.9598
0.3927,0.6142,1.0,0.6225,0.9598
0.3932,0.6142,1.0,0.6225,0.9598
0.3937,0.6142,1.0,0.6225,0.9598
0.3942,0.6142,1.0,0.6225,0.9598
0.3947,0.6142,1.0,0.6225,0.9598
0.3952,0.6142,1.0,0.6225,0.9598
0.3957,0.6142,1.0,0.6225,0.9598
0.3962,0.6142,1.0,0.6225,0.9598
0.3967,0.6142,1.0,0.6225,0.9598
0.3972,0.6142,1.0,0.6225,0.9598
0.3977,0.6142,1.0,0.6225,0.9598
0.3982,0.6142,1.0,0.6225,0.9598
0.3987,0.6142,1.0,0.6225,0.9598
0.3992,0.6142,1.0,0.6225,0.9598
0.3997,0.6142,1.0,0.6225,0.9598
0.4002,0.6142,1.0,0.6225,0.9598
0.4007,0.6142,1.0,0.6225,0.9598
0.4012,0.6142,1.0,0.6225,0.9598
0.4017,0.6142,1.0,0.6225,0.9598
0.4022,0.6142,1.0,0.6225,0.9598
0.4027,0.6142,1.0,0.6225,0.9598
0.4032,0.6142,1.0,0.6225,0.9598
0.4037,0.6142,1.0,0.6225,0.9598
0.4042,0.6142,1.0,0.6225,0.9598
0.4047,0.6142,1.0,0.6225,0.9598
0.4052,0.6142,1.0,0.6225,0.9598
0.4057,0.6142,1.0,0.6225,0.9598
0.4062,0.6142,1.0,0.6225,0.9598
0.4067,0.6142,1.0,0.6225,0.9598
0.4072,0.6142,1.0,0.6225,0.9598
0.4077,0.6142,1.0,0.6225,0.9598
0.4082,0.6142,1.0,0.6225,0.9598
0.4087,0.6142,1.0,0.6225,0.9598
0.4092,0.6142,1.0,0.6225,0.9598
0.4097,0.6142,1.0,0.6225,0.9598
0.4102,0.6142,1.0,0.6225,0.9598
0.4107,0.6142,1.0,0.6225,0.9598
0.4112,0.6142,1.0,0.6225,0.9598
0.4117,0.6142,1.0,0.6225,0.9598
0.4122,0.6142,1.0,0.6225,0.9598
0.4127,0.6142,1.0,0.6225,0.9598
0.4132,0.6142,1.0,0.6225,0.9598
0.4137,0.6142,1.0,0.6225,0.9598
0.4142,0.6142,1.0,0.6225,0.9598
0.4147,0.6142,1.0,0.6225,0.9598
0.4152,0.6142,1.0,0.6225,0.9598
0.4157,0.6142,1.0,0.6225,0.9598
0.4162,0.6142,1.0,0.6225,0.9598
0.4167,0.6142,1.0,0.6225,0.9598
0.4172,0.6142,1.0,0.6225,0.9598
0.4177,0.6142,1.0,0.6225,0.9598
0.4182,0.6142,1.0,0.6225,0.9598
0.4187,0.6142,1.0,0.6225,0.9598
0.4192,0.6142,1.0,0.6225,0.9598
0.4197,0.6142,1.0,0.6225,0.9598
0.4202,0.6142,1.0,0.6225,0.9598
0.4207,0.6142,1.0,0.6225,0.9598
0.4212,0.6142,1.0,0.6225,0.9598
0.4217,0.6142,1.0,0.6225,0.9598
0.4222,0.6142,1.0,0.6225,0.9598
0.4227,0.6142,1.0,0.6225,0.9598
0.4232,0.6142,1.0,0.6225,0.9598
0.4237,0.6142,1.0,0.6225,0.9598
0.4242,0.6142,1.0,0.6225,0.9598
0.4247,0.6142,1.0,0.6225,0.9598
0.4252,0.6142,1.0,0.6225,0.9598
0.4257,0.6142,1.0,0.6225,0.9598
0.4262,0.6142,1.0,0.6225,0.9598
0.4267,0.6142,1.0,0.6225,0.9598
0.4272,0.6142,1.0,0.6225,0.9598
0.4277,0.6142,1.0,0.6225,0.9598
0.4282,0.6142,1.0,0.6225,0.9598
0.4287,0.6142,1.0,0.6225,0.9598
0.4292,0.6142,1.0,0.6225,0.9598
0.4297,0.6142,1.0,0.6225,0.9598
0.4302,0.6142,1.0,0.6225,0.9598
0.4307,0.6142,1.0,0.6225,0.9598
0.4312,0.6142,1.0,0.6225,0.9598
0.4317,0.6142,1.0,0.6225,0.9598
0.4322,0.6142,1.0,0.6225,0.9598
0.4327,0.6142,1.0,0.6225,0.9598
0.4332,0.6142,1.0,0.6225,0.9598
0.4337,0.6142,1.0,0.6225,0.9598
0.4342,0.6142,1.0,0.6225,0.9598
0.4347,0.6142,1.0,0.6225,0.9598
0.4352,0.6142,1.0,0.6225,0.9598
0.4357,0.6142,1.0,0.6225,0.9598
0.4362,0.6142,1.0,0.6225,0.9598
0.4367,0.6142,1.0,0.6225,0.9598
0.4372,0.6142,1.0,0.6225,0.9598
0.4377,0.6142,1.0,0.6225,0.9598
0.4382,0.6142,1.0,0.6225,0.9598
0.4387,0.6142,1.0,0.6225,0.9598
0.4392,0.6142,1.0,0.6225,0.9598
0.4397,0.6142,1.0,0.6225,0.9598
0.4402,0.6142,1.0,0.6225,0.9598
0.4407,0.6142,1.0,0.6225,0.9598
0.4412,0.6142,1.0,0.6225,0.9598
0.4417,0.6142,1.0,0.6225,0.9598
0.4422,0.6142,1.0,0.6225,0.9598
0.4427,0.6142,1.0,0.6225,0.9598
0.4432,0.6142,1.0,0.6225,0.9598
0.4437,0.6142,1.0,0.6225,0.9598
0.4442,0.6142,1.0,0.6225,0.9598
0.4447,0.6142,1.0,0.6225,0.9598
0.4452,0.6142,1.0,0.6225,0.9598
0.4457,0.6142,1.0,0.6225,0.9598
0.4462,0.6142,1.0,0.6225,0.9598
0.4467,0.6142,1.0,0.6225,0.9598
0.4472,0.6142,1.0,0.6225,0.9598
0.4477,0.6142,1.0,0.6225,0.9598
0.4482,0.6142,1.0,0.6225,0.9598
0.4487,0.6142,1.0,0.6225,0.9598
0.4492,0.6142,1.0,0.6225,0.9598
0.4497,0.6142,1.0,0.6225,0.9598
0.4502,0.6142,1.0,0.6225,0.9598
0.4507,0.6142,1.0,0.6225,0.9598
0.4512,0.6142,1.0,0.6225,0.9598
0.4517,0.6142,1.0,0.6225,0.9598
0.4522,0.6142,1.0,0.6225,0.9598
0.4527,0.6142,1.0,0.6225,0.9598
0.4532,0.6142,1.0,0.6225,0.9598
0.4537,0.6142,1.0,0.6225,0.9598
0.4542,0.6142,1.0,0.6225,0.9598
0.4547,0.6142,1.0,0.6225,0.9598
0.4552,0.6142,1.0,0.6225,0.9598
0.4557,0.6142,1.0,0.6225,0.9598
0.4562,0.6142,1.0,0.6225,0.9598
0.4567,0.6142,1.0,0.6225,0.9598
0.4572,0.6142,1.0,0.6225,0.9598
0.4577,0.6142,1.0,0.6225,0.9598
0.4582,0.6142,1.0,0.6225,0.9598
0.4587,0.6142,1.0,0.6225,0.9598
0.4592,0.6142,1.0,0.6225,0.9598
0.4597,0.6142,1.0,0.6225,0.9598
0.4602,0.6142,1.0,0.6225,0.9598
0.4607,0.6142,1.0,0.6225,0.9598
0.4612,0.6142,1.0,0.6225,0.9598
0.4617,0.6142,1.0,0.6225,0.9598
0.4622,0.6142,1.0,0.6225,0.9598
0.4627,0.6142,1.0,0.6225,0.9598
0.4632,0.6142,1.0,0.6225,0.9598
0.4637,0.6142,1.0,0.6225,0.9598
0.4642,0.6142,1.0,0.6225,0.9598
0.4647,0.6142,1.0,0.6225,0.9598
0.4652,0.6142,1.0,0.6225,0.9598
0.4657,0.6142,1.0,0.6225,0.9598
0.4662,0.6142,1.0,0.6225,0.9598
0.4667,0.6142,1.0,0.6225,0.9598
0.4672,0.6142,1.0,0.6225,0.9598
0.4677,0.6142,1.0,0.6225,0.9598
0.4682,0.6142,1.0,0.6225,0.9598
0.4687,0.6142,1.0,0.6225,0.9598
0.4692,0.6142,1.0,0.6225,0.9598
0.4697,0.6142,1.0,0.6225,0.9598
0.4702,0.6142,1.0,0.6225,0.9598
0.4707,0.6142,1.0,0.6225,0.9598
0.4712,0.6142,1.0,0.6225,0.9598
0.4717,0.6142,1.0,0.6225,0.9598
0.4722,0.6142,1.0,0.6225,0.9598
0.4727,0.6142,1.0,0.6225,0.9598
0.4732,0.6142,1.0,0.6225,0.9598
0.4737,0.6142,1.0,0.6225,0.9598
0.4742,0.4924,1.0,0.4651,0.9814
0.4747,0.4924,1.0,0.4651,0.9814
0.4752,0.4924,1.0,0.4651,0.9814
0.4757,0.4924,1.0,0.4651,0.9814
0.4762,0.4924,1.0,0.4651,0.9814
0.4767,0.4924,1.0,0.4651,0.9814
0.4772,0.4924,1.0,0.4651,0.9814
0.4777,0.4924,1.0,0.4651,0.9814
0.4782,0.4924,1.0,0.4651,0.9814
0.4787,0.4924,1.0,0.4651,0.9814
0.4792,0.4924,1.0,0.4651,0.9814
0.4797,0.4924,1.0,0.4651,0.9814
0.4802,0.4924,1.0,0.4651,0.9814
0.4807,0.4924,1.0,0.4651,0.9814
0.4812,0.4924,1.0,0.4651,0.9814
0.4817,0.4924,1.0,0.4651,0.9814
0.4822,0.4924,1.0,0.4651,0.9814
0.4827,0.4924,1.0,0.4651,0.9814
0.4832,0.4924,1.0,0.4651,0.9814
0.4837,0.4924,1.0,0.4651,0.9814
0.4842,0.4924,1.0,0.4651,0.9814
0.4847,0.4924,1.0,0.4651,0.9814
0.4852,0.4924,1.0,0.4651,0.9814
0.4857,0.4924,1.0,0.4651,0.9814
0.4862,0.4924,1.0,0.4651,0.9814
0.4867,0.4924,1.0,0.4651,0.9814
0.4872,0.4924,1.0,0.4651,0.9814
0.4877,0.4924,1.0,0.4651,0.9814
0.4882,0.4924,1.0,0.4651,0.9814
0.4887,0.4924,1.0,0.4651,0.9814
0.4892,0.4924,1.0,0.4651,0.9814
0.4897,0.4924,1.0,0.4651,0.9814
0.4902,0.4924,1.0,0.4651,0.9814
0.4907,0.4924,1.0,0.4651,0.9814
0.4912,0.4924,1.0,0.4651,0.9814
0.4917,0.4924,1.0,0.4651,0.9814
0.4922,0.4924,1.0,0.4651,0.9814
0.4927,0.4924,1.0,0.4651,0.9814
0.4932,0.4924,1.0,0.4651,0.9814
0.4937,0.4924,1.0,0.4651,0.9814
0.4942,0.4924,1.0,0.4651,0.9814
0.4947,0.4924,1.0,0.4651,0.9814
0.4952,0.4924,1.0,0.4651,0.9814
0.4957,0.4924,1.0,0.4651,0.9814
0.4962,0.4924,1.0,0.4651,0.9814
0.4967,0.4924,1.0,0.4651,0.9814
0.4972,0.4924,1.0,0.4651,0.9814
0.4977,0.4924,1.0,0.4651,0.9814
0.4982,0.4924,1.0,0.4651,0.9814
0.4987,0.4924,1.0,0.4651,0.9814
0.4992,0.4924,1.0,0.4651,0.9814
0.4997,0.4924,1.0,0.4651,0.9814
0.5003,0.4924,1.0,0.4651,0.9816
0.5008,0.4924,1.0,0.4651,0.9816
0.5013,0.4924,1.0,0.4651,0.9816
0.5018,0.4924,1.0,0.4651,0.9816
0.5023,0.4924,1.0,0.4651,0.9816
0.5028,0.4924,1.0,0.4651,0.9816
0.5033,0.4924,1.0,0.4651,0.9816
0.5038,0.4924,1.0,0.4651,0.9816
0.5043,0.4924,1.0,0.4651,0.9816
0.5048,0.4924,1.0,0.4651,0.9818
0.5053,0.4924,1.0,0.4651,0.9818
0.5058,0.4924,1.0,0.4651,0.9818
0.5063,0.4924,1.0,0.4651,0.9818
0.5068,0.4924,1.0,0.4651,0.9818
0.5073,0.4924,1.0,0.4651,0.9818
0.5078,0.4924,1.0,0.4651,0.9818
0.5083,0.4924,1.0,0.4651,0.9818
0.5088,0.4924,1.0,0.4651,0.9818
0.5093,0.4924,1.0,0.4651,0.9818
0.5098,0.4924,1.0,0.4651,0.9818
0.5103,0.4924,1.0,0.4651,0.9818
0.5108,0.4924,1.0,0.4651,0.9818
0.5113,0.4924,1.0,0.4651,0.9818
0.5118,0.4924,1.0,0.4651,0.9818
0.5123,0.4924,1.0,0.4651,0.9818
0.5128,0.4924,1.0,0.4651,0.9818
0.5133,0.4924,1.0,0.4651,0.9818
0.5138,0.4924,1.0,0.4651,0.9818
0.5143,0.4924,1.0,0.4651,0.9818
0.5148,0.4924,1.0,0.4651,0.9818
0.5153,0.4924,1.0,0.4651,0.9818
0.5158,0.4924,1.0,0.4651,0.9818
0.5163,0.4924,1.0,0.4651,0.9818
0.5168,0.4924,1.0,0.4651,0.9818
0.5173,0.4924,1.0,0.4651,0.9818
0.5178,0.4924,1.0,0.4651,0.9818
0.5183,0.4924,1.0,0.4651,0.9818
0.5188,0.4924,1.0,0.4651,0.9818
0.5193,0.4924,1.0,0.4651,0.9818
0.5198,0.4924,1.0,0.4651,0.9818
0.5203,0.4924,1.0,0.4651,0.9818
0.5208,0.4924,1.0,0.4651,0.9818
0.5213,0.4924,1.0,0.4651,0.9818
0.5218,0.4924,1.0,0.4651,0.9818
0.5223,0.4924,1.0,0.4651,0.9818
0.5228,0.4924,1.0,0.4651,0.9818
0.5233,0.4924,1.0,0.4651,0.9818
0.5238,0.4924,1.0,0.4651,0.9818
0.5243,0.4924,1.0,0.4651,0.9818
0.5248,0.4924,1.0,0.4651,0.9818
0.5253,0.4924,1.0,0.4651,0.9818
0.5258,0.4924,1.0,0.4651,0.9818
0.5263,0.4924,1.0,0.4651,0.9818
0.5268,0.4924,1.0,0.4651,0.9818
0.5273,0.4924,1.0,0.4651,0.9818
0.5278,0.4924,1.0,0.4651,0.9818
0.5283,0.4924,1.0,0.4651,0.9818
0.5288,0.4924,1.0,0.4651,0.9818
0.5293,0.4924,1.0,0.4651,0.9818
0.5298,0.4924,1.0,0.4651,0.9818
0.5303,0.4924,1.0,0.4651,0.9818
0.5308,0.4924,1.0,0.4651,0.9818
0.5313,0.4924,1.0,0.4651,0.9818
0.5318,0.4924,1.0,0.4651,0.9818
0.5323,0.4924,1.0,0.4651,0.9818
0.5328,0.4924,1.0,0.4651,0.9818
0.5333,0.4924,1.0,0.4651,0.9818
0.5338,0.4924,1.0,0.4651,0.9818
0.5343,0.4924,1.0,0.4651,0.9818
0.5348,0.4924,1.0,0.4651,0.9818
0.5353,0.4924,1.0,0.4651,0.9818
0.5358,0.4924,1.0,0.4651,0.9818
0.5363,0.4924,1.0,0.4651,0.9818
0.5368,0.4924,1.0,0.4651,0.9818
0.5373,0.4924,1.0,0.4651,0.9818
0.5378,0.4924,1.0,0.4651,0.9818
0.5383,0.4924,1.0,0.4651,0.9818
0.5388,0.4924,1.0,0.4651,0.9818
0.5393,0.4924,1.0,0.4651,0.9818
0.5398,0.4924,1.0,0.4651,0.9818
0.5403,0.4924,1.0,0.4651,0.9818
0.5408,0.4924,1.0,0.4651,0.9818
0.5413,0.4924,1.0,0.4651,0.9818
0.5418,0.4924,1.0,0.4651,0.9818
0.5423,0.4924,1.0,0.4651,0.9818
0.5428,0.4924,1.0,0.4651,0.9818
0.5433,0.4924,1.0,0.4651,0.9818
0.5438,0.4924,1.0,0.4651,0.9818
0.5443,0.4924,1.0,0.4651,0.9818
0.5448,0.4924,1.0,0.4651,0.9818
0.5453,0.4924,1.0,0.4651,0.9818
0.5458,0.4924,1.0,0.4651,0.9818
0.5463,0.4924,1.0,0.4651,0.9818
0.5468,0.4924,1.0,0.4651,0.9818
0.5473,0.4924,1.0,0.4651,0.9818
0.5478,0.4924,1.0,0.4651,0.9818
0.5483,0.4924,1.0,0.4651,0.9818
0.5488,0.4924,1.0,0.4651,0.9818
0.5493,0.4924,1.0,0.4651,0.9818
0.5498,0.4924,1.0,0.4651,0.9818
0.5503,0.4924,1.0,0.4651,0.9818
0.5508,0.4924,1.0,0.4651,0.9818
0.5513,0.4924,1.0,0.4651,0.9818
0.5518,0.4924,1.0,0.4651,0.9818
0.5523,0.4924,1.0,0.4651,0.9818
0.5528,0.4924,1.0,0.4651,0.9818
0.5533,0.4924,1.0,0.4651,0.9818
0.5538,0.4924,1.0,0.4651,0.9818
0.5543,0.4924,1.0,0.4651,0.9818
0.5548,0.4924,1.0,0.4651,0.9818
0.5553,0.4924,1.0,0.4651,0.9818
0.5558,0.4924,1.0,0.4651,0.9818
0.5563,0.4924,1.0,0.4651,0.9818
0.5568,0.4924,1.0,0.4651,0.9818
0.5573,0.4924,1.0,0.4651,0.9818
0.5578,0.4924,1.0,0.4651,0.9818
0.5583,0.4924,1.0,0.4651,0.9818
0.5588,0.4924,1.0,0.4651,0.9818
0.5593,0.4924,1.0,0.4651,0.9818
0.5598,0.4924,1.0,0.4651,0.9818
0.5603,0.4924,1.0,0.4651,0.9818
0.5608,0.4924,1.0,0.4651,0.9818
0.5613,0.4924,1.0,0.4651,0.9818
0.5618,0.4924,1.0,0.4651,0.9818
0.5623,0.4924,1.0,0.4651,0.9818
0.5628,0.4924,1.0,0.4651,0.9818
0.5633,0.4924,1.0,0.4651,0.9818
0.5638,0.4924,1.0,0.4651,0.9818
0.5643,0.4924,1.0,0.4651,0.9818
0.5648,0.4924,1.0,0.4651,0.9818
0.5653,0.4924,1.0,0.4651,0.9818
0.5658,0.4924,1.0,0.4651,0.9818
0.5663,0.4924,1.0,0.4651,0.9818
0.5668,0.4924,1.0,0.4651,0.9818
0.5673,0.4924,1.0,0.4651,0.9818
0.5678,0.4924,1.0,0.4651,0.9818
0.5683,0.4924,1.0,0.4651,0.9818
0.5688,0.4924,1.0,0.4651,0.9818
0.5693,0.4924,1.0,0.4651,0.9818
0.5698,0.4924,1.0,0.4651,0.9818
0.5703,0.4924,1.0,0.4651,0.9818
0.5708,0.4924,1.0,0.4651,0.9818
0.5713,0.4924,1.0,0.4651,0.9818
0.5718,0.4924,1.0,0.4651,0.9818
0.5723,0.4924,1.0,0.4651,0.9818
0.5728,0.4924,1.0,0.4651,0.9818
0.5733,0.4924,1.0,0.4651,0.9818
0.5738,0.4924,1.0,0.4651,0.9818
0.5743,0.4924,1.0,0.4651,0.9818
0.5748,0.4924,1.0,0.4651,0.9818
0.5753,0.4924,1.0,0.4651,0.9818
0.5758,0.4924,1.0,0.4651,0.9818
0.5763,0.4924,1.0,0.4651,0.9818
0.5768,0.4924,1.0,0.4651,0.9818
0.5773,0.4924,1.0,0.4651,0.9818
0.5778,0.4924,1.0,0.4651,0.9818
0.5783,0.4924,1.0,0.4651,0.9818
0.5788,0.4924,1.0,0.4651,0.9818
0.5793,0.4924,1.0,0.4651,0.9818
0.5798,0.4924,1.0,0.4651,0.9818
0.5803,0.4924,1.0,0.4651,0.9818
0.5808,0.4924,1.0,0.4651,0.9818
0.5813,0.4924,1.0,0.4651,0.9818
0.5818,0.4924,1.0,0.4651,0.9818
0.5823,0.4924,1.0,0.4651,0.9818
0.5828,0.4924,1.0,0.4651,0.9818
0.5833,0.4924,1.0,0.4651,0.9818
0.5838,0.4924,1.0,0.4651,0.9818
0.5843,0.4924,1.0,0.4651,0.9818
0.5848,0.4924,1.0,0.4651,0.9818
0.5853,0.4924,1.0,0.4651,0.9818
0.5858,0.4924,1.0,0.4651,0.9818
0.5863,0.4924,1.0,0.4651,0.9818
0.5868,0.4924,1.0,0.4651,0.9818
0.5873,0.4924,1.0,0.4651,0.9818
0.5878,0.4924,1.0,0.4651,0.9818
0.5883,0.4924,1.0,0.4651,0.9818
0.5888,0.4924,1.0,0.4651,0.9818
0.5893,0.4924,1.0,0.4651,0.9818
0.5898,0.4924,1.0,0.4651,0.9818
0.5903,0.4924,1.0,0.4651,0.9818
0.5908,0.4924,1.0,0.4651,0.9818
0.5913,0.4492,1.0,0.415,0.9865
0.5918,0.4492,1.0,0.415,0.9865
0.5923,0.4492,1.0,0.415,0.9865
0.5928,0.4492,1.0,0.415,0.9865
0.5933,0.4492,1.0,0.415,0.9865
0.5938,0.4492,1.0,0.415,0.9865
0.5943,0.4492,1.0,0.415,0.9865
0.5948,0.4492,1.0,0.415,0.9865
0.5953,0.4492,1.0,0.415,0.9865
0.5958,0.4492,1.0,0.415,0.9865
0.5963,0.4492,1.0,0.415,0.9865
0.5968,0.4492,1.0,0.415,0.9865
0.5973,0.4492,1.0,0.415,0.9865
0.5978,0.4492,1.0,0.415,0.9865
0.5983,0.4492,1.0,0.415,0.9865
0.5988,0.4492,1.0,0.415,0.9865
0.5993,0.4492,1.0,0.415,0.9865
0.5998,0.4492,1.0,0.415,0.9865
0.6003,0.4492,1.0,0.415,0.9865
0.6008,0.4492,1.0,0.415,0.9865
0.6013,0.4492,1.0,0.415,0.9865
0.6018,0.4492,1.0,0.415,0.9865
0.6023,0.4492,1.0,0.415,0.9865
0.6028,0.4492,1.0,0.415,0.9865
0.6033,0.4492,1.0,0.415,0.9865
0.6038,0.4492,1.0,0.415,0.9865
0.6043,0.4492,1.0,0.415,0.9865
0.6048,0.4492,1.0,0.415,0.9865
0.6053,0.4492,1.0,0.415,0.9865
0.6058,0.4492,1.0,0.415,0.9865
0.6063,0.4492,1.0,0.415,0.9865
0.6068,0.4492,1.0,0.415,0.9865
0.6073,0.4492,1.0,0.415,0.9865
0.6078,0.4492,1.0,0.415,0.9865
0.6083,0.4492,1.0,0.415,0.9865
0.6088,0.4492,1.0,0.415,0.9865
0.6093,0.4492,1.0,0.415,0.9865
0.6098,0.4492,1.0,0.415,0.9865
0.6103,0.4492,1.0,0.415,0.9865
0.6108,0.4492,1.0,0.415,0.9865
0.6113,0.4492,1.0,0.415,0.9865
0.6118,0.4492,1.0,0.415,0.9865
0.6123,0.4492,1.0,0.415,0.9865
0.6128,0.4492,1.0,0.415,0.9865
0.6133,0.4492,1.0,0.415,0.9865
0.6138,0.4492,1.0,0.415,0.9865
0.6143,0.4492,1.0,0.415,0.9865
0.6148,0.4492,1.0,0.415,0.9865
0.6153,0.4492,1.0,0.415,0.9865
0.6158,0.4492,1.0,0.415,0.9865
0.6163,0.4492,1.0,0.415,0.9865
0.6168,0.4492,1.0,0.415,0.9865
0.6173,0.4492,1.0,0.415,0.9865
0.6178,0.4492,1.0,0.415,0.9865
0.6183,0.4492,1.0,0.415,0.9865
0.6188,0.4492,1.0,0.415,0.9865
0.6193,0.4492,1.0,0.415,0.9865
0.6198,0.4492,1.0,0.415,0.9865
0.6203,0.4492,1.0,0.415,0.9865
0.6208,0.4492,1.0,0.415,0.9865
0.6213,0.4492,1.0,0.415,0.9865
0.6218,0.4492,1.0,0.415,0.9865
0.6223,0.4492,1.0,0.415,0.9865
0.6228,0.4492,1.0,0.415,0.9865
0.6233,0.4492,1.0,0.415,0.9865
0.6238,0.4492,1.0,0.415,0.9865
0.6243,0.4492,1.0,0.415,0.9865
0.6248,0.4492,1.0,0.415,0.9865
0.6253,0.4492,1.0,0.415,0.9865
0.6258,0.4492,1.0,0.415,0.9865
0.6263,0.4492,1.0,0.415,0.9865
0.6268,0.4492,1.0,0.415,0.9865
0.6273,0.4492,1.0,0.415,0.9865
0.6278,0.4492,1.0,0.415,0.9865
0.6283,0.4492,1.0,0.415,0.9865
0.6288,0.4492,1.0,0.415,0.9865
0.6293,0.4492,1.0,0.415,0.9865
0.6298,0.4492,1.0,0.415,0.9865
0.6303,0.4492,1.0,0.415,0.9865
0.6308,0.4492,1.0,0.415,0.9865
0.6313,0.4492,1.0,0.415,0.9865
0.6318,0.4492,1.0,0.415,0.9865
0.6323,0.4492,1.0,0.415,0.9865
0.6328,0.4492,1.0,0.415,0.9865
0.6333,0.4492,1.0,0.415,0.9865
0.6338,0.4492,1.0,0.415,0.9865
0.6343,0.368,1.0,0.3113,0.991
0.6348,0.368,1.0,0.3113,0.991
0.6353,0.368,1.0,0.3113,0.991
0.6358,0.368,1.0,0.3113,0.991
0.6363,0.368,1.0,0.3113,0.991
0.6368,0.368,1.0,0.3113,0.991
0.6373,0.368,1.0,0.3113,0.991
0.6378,0.368,1.0,0.3113,0.991
0.6383,0.368,1.0,0.3113,0.991
0.6388,0.368,1.0,0.3113,0.991
0.6393,0.368,1.0,0.3113,0.991
0.6398,0.368,1.0,0.3113,0.991
0.6403,0.368,1.0,0.3113,0.991
0.6408,0.368,1.0,0.3113,0.991
0.6413,0.368,1.0,0.3113,0.991
0.6418,0.368,1.0,0.3113,0.991
0.6423,0.368,1.0,0.3113,0.991
0.6428,0.368,1.0,0.3113,0.991
0.6433,0.368,1.0,0.3113,0.991
0.6438,0.368,1.0,0.3113,0.991
0.6443,0.368,1.0,0.3113,0.991
0.6448,0.368,1.0,0.3113,0.991
0.6453,0.368,1.0,0.3113,0.991
0.6458,0.368,1.0,0.3113,0.991
0.6463,0.368,1.0,0.3113,0.991
0.6468,0.368,1.0,0.3113,0.991
0.6473,0.368,1.0,0.3113,0.991
0.6478,0.368,1.0,0.3113,0.991
0.6483,0.368,1.0,0.3113,0.991
0.6488,0.368,1.0,0.3113,0.991
0.6493,0.368,1.0,0.3113,0.991
0.6498,0.368,1.0,0.3113,0.991
0.6503,0.368,1.0,0.3113,0.991
0.6508,0.368,1.0,0.3113,0.991
0.6513,0.368,1.0,0.3113,0.991
0.6518,0.368,1.0,0.3113,0.991
0.6523,0.368,1.0,0.3113,0.991
0.6528,0.368,1.0,0.3113,0.991
0.6533,0.368,1.0,0.3113,0.991
0.6538,0.368,1.0,0.3113,0.991
0.6543,0.368,1.0,0.3113,0.991
0.6548,0.368,1.0,0.3113,0.991
0.6553,0.368,1.0,0.3113,0.991
0.6558,0.368,1.0,0.3113,0.991
0.6563,0.368,1.0,0.3113,0.9912
0.6568,0.368,1.0,0.3113,0.9912
0.6573,0.368,1.0,0.3113,0.9912
0.6578,0.368,1.0,0.3113,0.9912
0.6583,0.368,1.0,0.3113,0.9912
0.6588,0.368,1.0,0.3113,0.9912
0.6593,0.368,1.0,0.3113,0.9912
0.6598,0.368,1.0,0.3113,0.9912
0.6603,0.368,1.0,0.3113,0.9912
0.6608,0.368,1.0,0.3113,0.9912
0.6613,0.368,1.0,0.3113,0.9912
0.6618,0.368,1.0,0.3113,0.9912
0.6623,0.368,1.0,0.3113,0.9912
0.6628,0.368,1.0,0.3113,0.9912
0.6633,0.368,1.0,0.3113,0.9912
0.6638,0.368,1.0,0.3113,0.9912
0.6643,0.368,1.0,0.3095,0.9912
0.6648,0.368,1.0,0.3095,0.9912
0.6653,0.368,1.0,0.3095,0.9912
0.6658,0.368,1.0,0.3095,0.9912
0.6663,0.368,1.0,0.3095,0.9912
0.6668,0.368,1.0,0.3095,0.9912
0.6673,0.368,1.0,0.3095,0.9912
0.6678,0.368,1.0,0.3095,0.9912
0.6683,0.368,1.0,0.3095,0.9912
0.6688,0.368,1.0,0.3095,0.9912
0.6693,0.368,1.0,0.3095,0.9912
0.6698,0.368,1.0,0.3095,0.9912
0.6703,0.368,1.0,0.3095,0.9912
0.6708,0.368,1.0,0.3095,0.9912
0.6713,0.368,1.0,0.3095,0.9912
0.6718,0.368,1.0,0.3095,0.9912
0.6723,0.368,1.0,0.3095,0.9912
0.6728,0.368,1.0,0.3095,0.9912
0.6733,0.368,1.0,0.3095,0.9912
0.6738,0.368,1.0,0.3095,0.9912
0.6743,0.368,1.0,0.3095,0.9912
0.6748,0.368,1.0,0.3095,0.9912
0.6753,0.368,1.0,0.3095,0.9912
0.6758,0.368,1.0,0.3095,0.9912
0.6763,0.368,1.0,0.3095,0.9912
0.6768,0.368,1.0,0.3095,0.9912
0.6773,0.368,1.0,0.3095,0.9912
0.6778,0.368,1.0,0.3095,0.9912
0.6783,0.368,1.0,0.3095,0.9912
0.6788,0.368,1.0,0.3095,0.9912
0.6793,0.368,1.0,0.3095,0.9912
0.6798,0.368,1.0,0.3095,0.9912
0.6803,0.368,1.0,0.3095,0.9912
0.6808,0.368,1.0,0.3095,0.9912
0.6813,0.368,1.0,0.3095,0.9912
0.6818,0.368,1.0,0.3095,0.9912
0.6823,0.368,1.0,0.3095,0.9912
0.6828,0.368,1.0,0.3095,0.9912
0.6833,0.368,1.0,0.3095,0.9912
0.6838,0.368,1.0,0.3095,0.9912
0.6843,0.368,1.0,0.3095,0.9912
0.6848,0.368,1.0,0.3095,0.9912
0.6853,0.368,1.0,0.3095,0.9912
0.6858,0.368,1.0,0.3095,0.9912
0.6863,0.368,1.0,0.3095,0.9912
0.6868,0.368,1.0,0.3095,0.9912
0.6873,0.368,1.0,0.3095,0.9912
0.6878,0.368,1.0,0.3095,0.9912
0.6883,0.368,1.0,0.3095,0.9912
0.6888,0.368,1.0,0.3095,0.9912
0.6893,0.368,1.0,0.3095,0.9912
0.6898,0.368,1.0,0.3095,0.9912
0.6903,0.368,1.0,0.3095,0.9912
0.6908,0.368,1.0,0.3095,0.9912
0.6913,0.368,1.0,0.3095,0.9912
0.6918,0.368,1.0,0.3095,0.9912
0.6923,0.368,1.0,0.3095,0.9912
0.6928,0.368,1.0,0.3095,0.9912
0.6933,0.368,1.0,0.3095,0.9912
0.6938,0.368,1.0,0.3095,0.9912
0.6943,0.368,1.0,0.3095,0.9912
0.6948,0.368,1.0,0.3095,0.9912
0.6953,0.368,1.0,0.3095,0.9912
0.6958,0.368,1.0,0.3095,0.9912
0.6963,0.368,1.0,0.3095,0.9912
0.6968,0.368,1.0,0.3095,0.9912
0.6973,0.368,1.0,0.3095,0.9912
0.6978,0.368,1.0,0.3095,0.9912
0.6983,0.368,1.0,0.3095,0.9912
0.6988,0.368,1.0,0.3095,0.9912
0.6993,0.368,1.0,0.3095,0.9912
0.6998,0.3655,1.0,0.3095,0.9912
0.7004,0.3655,1.0,0.3095,0.9912
0.7009,0.3655,1.0,0.3095,0.9912
0.7014,0.3655,1.0,0.3095,0.9912
0.7019,0.3655,1.0,0.3095,0.9912
0.7024,0.3655,1.0,0.3095,0.9912
0.7029,0.3655,1.0,0.3095,0.9912
0.7034,0.3655,1.0,0.3095,0.9912
0.7039,0.3655,1.0,0.3095,0.9912
0.7044,0.3655,1.0,0.3095,0.9912
0.7049,0.3655,1.0,0.3095,0.9912
0.7054,0.3655,1.0,0.3095,0.9912
0.7059,0.3655,1.0,0.3095,0.9912
0.7064,0.3655,1.0,0.3095,0.9912
0.7069,0.3655,1.0,0.3095,0.9912
0.7074,0.3655,1.0,0.3095,0.9912
0.7079,0.3655,1.0,0.3095,0.9912
0.7084,0.3655,1.0,0.3095,0.9912
0.7089,0.3655,1.0,0.3095,0.9912
0.7094,0.3655,1.0,0.3095,0.9912
0.7099,0.3655,1.0,0.3095,0.9912
0.7104,0.3655,1.0,0.3095,0.9912
0.7109,0.3655,1.0,0.3095,0.9912
0.7114,0.3655,1.0,0.3095,0.9912
0.7119,0.3655,1.0,0.3095,0.9912
0.7124,0.3655,1.0,0.3095,0.9912
0.7129,0.3655,1.0,0.3095,0.9912
0.7134,0.3655,1.0,0.3095,0.9912
0.7139,0.3655,1.0,0.3095,0.9912
0.7144,0.3655,1.0,0.3095,0.9912
0.7149,0.3655,1.0,0.3095,0.9912
0.7154,0.3655,1.0,0.3095,0.9912
0.7159,0.3655,1.0,0.3095,0.9912
0.7164,0.3655,1.0,0.3095,0.9912
0.7169,0.3655,1.0,0.3095,0.9912
0.7174,0.3655,1.0,0.3095,0.9912
0.7179,0.3655,1.0,0.3095,0.9912
0.7184,0.3655,1.0,0.3095,0.9912
0.7189,0.3655,1.0,0.3095,0.9912
0.7194,0.3655,1.0,0.3095,0.9912
0.7199,0.3655,1.0,0.3095,0.9912
0.7204,0.3655,1.0,0.3095,0.9912
0.7209,0.3655,1.0,0.3095,0.9912
0.7214,0.3655,1.0,0.3095,0.9912
0.7219,0.3655,1.0,0.3095,0.9912
0.7224,0.3655,1.0,0.3095,0.9912
0.7229,0.3655,1.0,0.3095,0.9912
0.7234,0.3655,1.0,0.3095,0.9912
0.7239,0.3655,1.0,0.3095,0.9912
0.7244,0.3655,1.0,0.3095,0.9912
0.7249,0.3655,1.0,0.3095,0.9912
0.7254,0.3655,1.0,0.3095,0.9912
0.7259,0.3655,1.0,0.3095,0.9912
0.7264,0.3655,1.0,0.3095,0.9912
0.7269,0.3655,1.0,0.3095,0.9912
0.7274,0.3655,1.0,0.3095,0.9912
0.7279,0.3655,1.0,0.3095,0.9912
0.7284,0.3655,1.0,0.3095,0.9912
0.7289,0.3655,1.0,0.3095,0.9912
0.7294,0.3655,1.0,0.3095,0.9912
0.7299,0.3655,1.0,0.3095,0.9912
0.7304,0.3655,1.0,0.3095,0.9912
0.7309,0.3655,1.0,0.3095,0.9912
0.7314,0.3655,1.0,0.3095,0.9912
0.7319,0.3655,1.0,0.3095,0.9912
0.7324,0.3655,1.0,0.3095,0.9912
0.7329,0.3655,1.0,0.3095,0.9912
0.7334,0.3655,1.0,0.3095,0.9912
0.7339,0.3655,1.0,0.3095,0.9912
0.7344,0.3655,1.0,0.3095,0.9912
0.7349,0.3655,1.0,0.3095,0.9912
0.7354,0.3655,1.0,0.3095,0.9912
0.7359,0.3655,1.0,0.3095,0.9912
0.7364,0.3655,1.0,0.3095,0.9912
0.7369,0.3655,1.0,0.3095,0.9912
0.7374,0.3655,1.0,0.3095,0.9912
0.7379,0.3655,1.0,0.3095,0.9912
0.7384,0.3655,1.0,0.3095,0.9912
0.7389,0.3655,1.0,0.3095,0.9912
0.7394,0.3655,1.0,0.3095,0.9912
0.7399,0.3655,1.0,0.3095,0.9912
0.7404,0.3655,1.0,0.3095,0.9912
0.7409,0.3655,1.0,0.3095,0.9912
0.7414,0.3655,1.0,0.3095,0.9912
0.7419,0.3655,1.0,0.3095,0.9912
0.7424,0.3655,1.0,0.3095,0.9912
0.7429,0.3655,1.0,0.3095,0.9912
0.7434,0.3655,1.0,0.3095,0.9912
0.7439,0.3655,1.0,0.3095,0.9912
0.7444,0.3655,1.0,0.3095,0.9912
0.7449,0.3655,1.0,0.3095,0.9912
0.7454,0.3655,1.0,0.3095,0.9912
0.7459,0.3655,1.0,0.3095,0.9912
0.7464,0.3655,1.0,0.3095,0.9912
0.7469,0.3655,1.0,0.3095,0.9912
0.7474,0.3655,1.0,0.3095,0.9912
0.7479,0.3655,1.0,0.3095,0.9912
0.7484,0.3655,1.0,0.3095,0.9912
0.7489,0.3655,1.0,0.3095,0.9912
0.7494,0.3655,1.0,0.3095,0.9912
0.7499,0.3655,1.0,0.3095,0.9912
0.7504,0.3629,1.0,0.3041,0.9917
0.7509,0.3604,1.0,0.3041,0.9917
0.7514,0.3604,1.0,0.3041,0.9917
0.7519,0.3604,1.0,0.3041,0.9917
0.7524,0.3604,1.0,0.3041,0.9917
0.7529,0.3604,1.0,0.3041,0.9917
0.7534,0.3604,1.0,0.3041,0.9917
0.7539,0.3604,1.0,0.3041,0.9917
0.7544,0.3604,1.0,0.3041,0.9917
0.7549,0.3604,1.0,0.3041,0.9917
0.7554,0.3604,1.0,0.3041,0.9917
0.7559,0.3604,1.0,0.3041,0.9917
0.7564,0.3604,1.0,0.3041,0.9917
0.7569,0.3604,1.0,0.3041,0.9917
0.7574,0.3604,1.0,0.3041,0.9917
0.7579,0.3604,1.0,0.3041,0.9917
0.7584,0.3604,1.0,0.3041,0.9917
0.7589,0.3604,1.0,0.3041,0.9917
0.7594,0.3604,1.0,0.3041,0.9917
0.7599,0.3604,1.0,0.3041,0.9917
0.7604,0.3604,1.0,0.3041,0.9917
0.7609,0.3604,1.0,0.3041,0.9917
0.7614,0.3604,1.0,0.3041,0.9917
0.7619,0.3604,1.0,0.3041,0.9917
0.7624,0.3579,1.0,0.3041,0.9917
0.7629,0.3579,1.0,0.3041,0.9917
0.7634,0.3579,1.0,0.3041,0.9917
0.7639,0.3579,1.0,0.3041,0.9917
0.7644,0.3579,1.0,0.3041,0.9917
0.7649,0.3579,1.0,0.3041,0.9917
0.7654,0.3579,1.0,0.3041,0.9917
0.7659,0.3579,1.0,0.3041,0.9917
0.7664,0.3579,1.0,0.3041,0.9917
0.7669,0.3579,1.0,0.3023,0.9917
0.7674,0.3579,1.0,0.3023,0.9917
0.7679,0.3579,1.0,0.3023,0.9917
0.7684,0.3579,1.0,0.3023,0.9917
0.7689,0.3579,1.0,0.3023,0.9917
0.7694,0.3579,1.0,0.3023,0.9917
0.7699,0.3579,1.0,0.3023,0.9917
0.7704,0.3579,1.0,0.3023,0.9917
0.7709,0.3579,1.0,0.3023,0.9917
0.7714,0.3579,1.0,0.3023,0.9917
0.7719,0.3579,1.0,0.3023,0.9917
0.7724,0.3579,1.0,0.3023,0.9917
0.7729,0.3579,1.0,0.3023,0.9917
0.7734,0.3579,1.0,0.3023,0.9917
0.7739,0.3579,1.0,0.3023,0.9917
0.7744,0.3579,1.0,0.3023,0.9917
0.7749,0.3579,1.0,0.3023,0.9917
0.7754,0.3579,1.0,0.3023,0.9917
0.7759,0.3579,1.0,0.3023,0.9917
0.7764,0.3579,1.0,0.3023,0.9917
0.7769,0.3579,1.0,0.3023,0.9917
0.7774,0.3579,1.0,0.3023,0.9917
0.7779,0.3579,1.0,0.3023,0.9917
0.7784,0.3579,1.0,0.3023,0.9917
0.7789,0.3579,1.0,0.3023,0.9917
0.7794,0.3579,1.0,0.3023,0.9917
0.7799,0.3579,1.0,0.3023,0.9917
0.7804,0.3579,1.0,0.3023,0.9917
0.7809,0.3579,1.0,0.3023,0.9917
0.7814,0.3579,1.0,0.3023,0.9917
0.7819,0.3579,1.0,0.3023,0.9917
0.7824,0.3579,1.0,0.3023,0.9917
0.7829,0.3579,1.0,0.3023,0.9917
0.7834,0.3579,1.0,0.3023,0.9917
0.7839,0.3579,1.0,0.3023,0.9917
0.7844,0.3579,1.0,0.3023,0.9917
0.7849,0.3579,1.0,0.3023,0.9917
0.7854,0.3579,1.0,0.3023,0.9917
0.7859,0.3579,1.0,0.3023,0.9917
0.7864,0.3579,1.0,0.3023,0.9917
0.7869,0.3579,1.0,0.3023,0.9917
0.7874,0.3579,1.0,0.3023,0.9917
0.7879,0.3579,1.0,0.3023,0.9917
0.7884,0.3579,1.0,0.3023,0.9917
0.7889,0.3579,1.0,0.3023,0.9917
0.7894,0.3579,1.0,0.3023,0.9917
0.7899,0.3579,1.0,0.3023,0.9917
0.7904,0.3579,1.0,0.3023,0.9917
0.7909,0.3579,1.0,0.3023,0.9917
0.7914,0.3579,1.0,0.3023,0.9917
0.7919,0.3579,1.0,0.3023,0.9917
0.7924,0.3579,1.0,0.3023,0.9917
0.7929,0.3579,1.0,0.3023,0.9917
0.7934,0.3579,1.0,0.3023,0.9917
0.7939,0.3579,1.0,0.3023,0.9917
0.7944,0.3579,1.0,0.3023,0.9917
0.7949,0.3553,1.0,0.3023,0.9917
0.7954,0.3553,1.0,0.3023,0.9917
0.7959,0.3553,1.0,0.3023,0.9917
0.7964,0.3553,1.0,0.3023,0.9917
0.7969,0.3553,1.0,0.3023,0.9917
0.7974,0.3553,1.0,0.3023,0.9917
0.7979,0.3528,1.0,0.3023,0.9917
0.7984,0.3528,1.0,0.3023,0.9917
0.7989,0.3528,1.0,0.3023,0.9917
0.7994,0.3528,1.0,0.3023,0.9917
0.7999,0.3528,1.0,0.3023,0.9917
0.8004,0.3426,1.0,0.2862,0.9932
0.8009,0.3426,1.0,0.2862,0.9932
0.8014,0.3426,1.0,0.2862,0.9932
0.8019,0.3426,1.0,0.2862,0.9932
0.8024,0.3426,1.0,0.2862,0.9932
0.8029,0.3426,1.0,0.2862,0.9932
0.8034,0.3426,1.0,0.2862,0.9932
0.8039,0.3426,1.0,0.2862,0.9932
0.8044,0.3426,1.0,0.2862,0.9932
0.8049,0.3426,1.0,0.2862,0.9932
0.8054,0.3426,1.0,0.2862,0.9932
0.8059,0.3426,1.0,0.2862,0.9932
0.8064,0.3426,1.0,0.2862,0.9932
0.8069,0.3426,1.0,0.2862,0.9932
0.8074,0.3426,1.0,0.2862,0.9932
0.8079,0.3426,1.0,0.2862,0.9932
0.8084,0.3426,1.0,0.2826,0.9932
0.8089,0.3426,1.0,0.2826,0.9932
0.8094,0.3426,1.0,0.2826,0.9932
0.8099,0.3426,1.0,0.2826,0.9932
0.8104,0.3426,1.0,0.2826,0.9932
0.8109,0.3426,1.0,0.2826,0.9932
0.8114,0.3426,1.0,0.2826,0.9932
0.8119,0.3426,1.0,0.2826,0.9932
0.8124,0.3426,1.0,0.2826,0.9932
0.8129,0.3426,1.0,0.2826,0.9932
0.8134,0.3426,1.0,0.2826,0.9932
0.8139,0.3426,1.0,0.2826,0.9932
0.8144,0.3426,1.0,0.2826,0.9932
0.8149,0.3426,1.0,0.2826,0.9932
0.8154,0.3426,1.0,0.2826,0.9932
0.8159,0.3426,1.0,0.2826,0.9932
0.8164,0.3426,1.0,0.2826,0.9932
0.8169,0.3426,1.0,0.2826,0.9932
0.8174,0.3426,1.0,0.2826,0.9932
0.8179,0.3426,1.0,0.2826,0.9932
0.8184,0.3426,1.0,0.2826,0.9932
0.8189,0.3426,1.0,0.2826,0.9932
0.8194,0.3426,1.0,0.2826,0.9932
0.8199,0.3426,1.0,0.2826,0.9932
0.8204,0.3426,1.0,0.2826,0.9932
0.8209,0.3426,1.0,0.2826,0.9932
0.8214,0.3426,1.0,0.2826,0.9932
0.8219,0.3426,1.0,0.2826,0.9932
0.8224,0.3426,1.0,0.2826,0.9932
0.8229,0.3426,1.0,0.2826,0.9932
0.8234,0.3426,1.0,0.2826,0.9932
0.8239,0.3426,1.0,0.2791,0.9932
0.8244,0.3426,1.0,0.2791,0.9932
0.8249,0.3426,1.0,0.2791,0.9932
0.8254,0.3426,1.0,0.2791,0.9932
0.8259,0.3426,1.0,0.2791,0.9932
0.8264,0.1878,1.0,0.1467,0.9979
0.8269,0.1878,1.0,0.1467,0.9979
0.8274,0.1878,1.0,0.1467,0.9979
0.8279,0.1878,1.0,0.1467,0.9979
0.8284,0.1878,1.0,0.1467,0.9979
0.8289,0.1878,1.0,0.1467,0.9979
0.8294,0.1878,1.0,0.1467,0.9979
0.8299,0.1878,1.0,0.1467,0.9979
0.8304,0.1878,1.0,0.1467,0.9979
0.8309,0.1878,1.0,0.1467,0.9979
0.8314,0.1878,1.0,0.1467,0.9979
0.8319,0.1878,1.0,0.1467,0.9979
0.8324,0.1878,1.0,0.1467,0.9979
0.8329,0.1878,1.0,0.1467,0.9979
0.8334,0.1878,1.0,0.1467,0.9979
0.8339,0.1878,1.0,0.1467,0.9979
0.8344,0.1878,1.0,0.1467,0.9979
0.8349,0.1878,1.0,0.1467,0.9979
0.8354,0.1878,1.0,0.1467,0.9979
0.8359,0.1878,1.0,0.1467,0.9979
0.8364,0.1878,1.0,0.1467,0.9979
0.8369,0.1878,1.0,0.1467,0.9979
0.8374,0.1878,1.0,0.1467,0.9979
0.8379,0.1878,1.0,0.1449,0.9979
0.8384,0.1878,1.0,0.1449,0.9979
0.8389,0.1878,1.0,0.1449,0.9979
0.8394,0.1878,1.0,0.1449,0.9979
0.8399,0.1878,1.0,0.1449,0.9979
0.8404,0.1878,1.0,0.1449,0.9979
0.8409,0.1878,1.0,0.1449,0.9979
0.8414,0.1878,1.0,0.1449,0.9979
0.8419,0.1878,1.0,0.1449,0.9979
0.8424,0.0939,1.0,0.059,0.9994
0.8429,0.0939,1.0,0.059,0.9994
0.8434,0.0939,1.0,0.059,0.9994
0.8439,0.0939,1.0,0.059,0.9994
0.8444,0.0939,1.0,0.059,0.9994
0.8449,0.0939,1.0,0.059,0.9994
0.8454,0.0939,1.0,0.059,0.9994
0.8459,0.0939,1.0,0.059,0.9994
0.8464,0.0939,1.0,0.059,0.9994
0.8469,0.0939,1.0,0.059,0.9994
0.8474,0.0939,1.0,0.059,0.9994
0.8479,0.0939,1.0,0.059,0.9994
0.8484,0.0914,1.0,0.059,0.9994
0.8489,0.0914,1.0,0.059,0.9994
0.8494,0.0914,1.0,0.059,0.9994
0.8499,0.0914,1.0,0.059,0.9994
0.8504,0.0914,1.0,0.059,0.9994
0.8509,0.0914,1.0,0.059,0.9994
0.8514,0.0914,1.0,0.059,0.9994
0.8519,0.0914,1.0,0.059,0.9994
0.8524,0.0914,1.0,0.059,0.9994
0.8529,0.0914,1.0,0.059,0.9994
0.8534,0.0914,1.0,0.059,0.9994
0.8539,0.0914,1.0,0.059,0.9994
0.8544,0.0914,1.0,0.059,0.9994
0.8549,0.0914,1.0,0.059,0.9994
0.8554,0.0914,1.0,0.059,0.9994
0.8559,0.0914,1.0,0.059,0.9994
0.8564,0.0914,1.0,0.059,0.9994
0.8569,0.0914,1.0,0.059,0.9994
0.8574,0.0914,1.0,0.059,0.9994
0.8579,0.0914,1.0,0.059,0.9994
0.8584,0.0914,1.0,0.059,0.9994
0.8589,0.0914,1.0,0.059,0.9994
0.8594,0.0914,1.0,0.059,0.9994
0.8599,0.0914,1.0,0.059,0.9994
0.8604,0.0914,1.0,0.059,0.9994
0.8609,0.0914,1.0,0.059,0.9994
0.8614,0.0914,1.0,0.059,0.9994
0.8619,0.0914,1.0,0.059,0.9994
0.8624,0.0914,1.0,0.059,0.9994
0.8629,0.0914,1.0,0.059,0.9994
0.8634,0.0914,1.0,0.059,0.9994
0.8639,0.0914,1.0,0.059,0.9994
0.8644,0.0888,1.0,0.059,0.9994
0.8649,0.0888,1.0,0.059,0.9994
0.8654,0.0888,1.0,0.059,0.9994
0.8659,0.0888,1.0,0.059,0.9994
0.8664,0.0888,1.0,0.0572,0.9994
0.8669,0.0888,1.0,0.0572,0.9994
0.8674,0.0888,1.0,0.0572,0.9994
0.8679,0.0888,1.0,0.0572,0.9994
0.8684,0.0888,1.0,0.0572,0.9994
0.8689,0.0888,1.0,0.0572,0.9994
0.8694,0.0888,1.0,0.0572,0.9994
0.8699,0.0888,1.0,0.0572,0.9994
0.8704,0.0888,1.0,0.0572,0.9994
0.8709,0.0888,1.0,0.0572,0.9994
0.8714,0.0888,1.0,0.0572,0.9994
0.8719,0.0888,1.0,0.0572,0.9994
0.8724,0.0863,1.0,0.0572,0.9994
0.8729,0.0863,1.0,0.0572,0.9994
0.8734,0.0863,1.0,0.0572,0.9994
0.8739,0.0863,1.0,0.0572,0.9994
0.8744,0.0863,1.0,0.0572,0.9994
0.8749,0.0863,1.0,0.0572,0.9994
0.8754,0.0863,1.0,0.0572,0.9994
0.8759,0.0863,1.0,0.0572,0.9994
0.8764,0.0863,1.0,0.0572,0.9994
0.8769,0.0863,1.0,0.0572,0.9994
0.8774,0.0863,1.0,0.0572,0.9994
0.8779,0.0863,1.0,0.0572,0.9994
0.8784,0.0863,1.0,0.0572,0.9994
0.8789,0.0863,1.0,0.0572,0.9994
0.8794,0.0863,1.0,0.0572,0.9994
0.8799,0.0863,1.0,0.0572,0.9994
0.8804,0.0863,1.0,0.0572,0.9994
0.8809,0.0863,1.0,0.0572,0.9994
0.8814,0.0838,1.0,0.0572,0.9994
0.8819,0.0838,1.0,0.0572,0.9994
0.8824,0.0838,1.0,0.0572,0.9994
0.8829,0.0838,1.0,0.0572,0.9994
0.8834,0.0838,1.0,0.0572,0.9994
0.8839,0.0838,1.0,0.0572,0.9994
0.8844,0.0838,1.0,0.0572,0.9994
0.8849,0.0838,1.0,0.0572,0.9994
0.8854,0.0838,1.0,0.0572,0.9994
0.8859,0.0838,1.0,0.0555,0.9994
0.8864,0.0838,1.0,0.0555,0.9994
0.8869,0.0838,1.0,0.0555,0.9994
0.8874,0.0838,1.0,0.0555,0.9994
0.8879,0.0838,1.0,0.0555,0.9994
0.8884,0.0838,1.0,0.0555,0.9994
0.8889,0.0838,1.0,0.0555,0.9994
0.8894,0.0838,1.0,0.0555,0.9994
0.8899,0.0838,1.0,0.0555,0.9994
0.8904,0.0838,1.0,0.0555,0.9994
0.8909,0.0838,1.0,0.0555,0.9994
0.8914,0.0838,1.0,0.0555,0.9994
0.8919,0.0838,1.0,0.0555,0.9994
0.8924,0.0838,1.0,0.0555,0.9994
0.8929,0.0838,1.0,0.0555,0.9994
0.8934,0.0838,1.0,0.0555,0.9994
0.8939,0.0838,1.0,0.0555,0.9994
0.8944,0.0838,1.0,0.0555,0.9994
0.8949,0.0838,1.0,0.0555,0.9994
0.8954,0.0838,1.0,0.0555,0.9994
0.8959,0.0838,1.0,0.0555,0.9994
0.8964,0.0838,1.0,0.0555,0.9994
0.8969,0.0838,1.0,0.0555,0.9994
0.8974,0.0838,1.0,0.0555,0.9994
0.8979,0.0838,1.0,0.0555,0.9994
0.8984,0.0838,1.0,0.0555,0.9994
0.8989,0.0838,1.0,0.0555,0.9994
0.8994,0.0838,1.0,0.0537,0.9994
0.8999,0.0838,1.0,0.0537,0.9994
0.9005,0.0838,1.0,0.0537,0.9994
0.901,0.0838,1.0,0.0537,0.9994
0.9015,0.0838,1.0,0.0537,0.9994
0.902,0.0838,1.0,0.0537,0.9994
0.9025,0.0838,1.0,0.0537,0.9994
0.903,0.0838,1.0,0.0537,0.9994
0.9035,0.0838,1.0,0.0537,0.9994
0.904,0.0838,1.0,0.0537,0.9994
0.9045,0.0838,1.0,0.0537,0.9994
0.905,0.0838,1.0,0.0537,0.9994
0.9055,0.0838,1.0,0.0537,0.9994
0.906,0.0838,1.0,0.0519,0.9994
0.9065,0.0838,1.0,0.0519,0.9994
0.907,0.0838,1.0,0.0519,0.9994
0.9075,0.0838,1.0,0.0519,0.9994
0.908,0.0838,1.0,0.0519,0.9994
0.9085,0.0838,1.0,0.0519,0.9994
0.909,0.0838,1.0,0.0519,0.9994
0.9095,0.0838,1.0,0.0519,0.9994
0.91,0.0838,1.0,0.0519,0.9994
0.9105,0.0838,1.0,0.0519,0.9994
0.911,0.0838,1.0,0.0519,0.9994
0.9115,0.0838,1.0,0.0519,0.9994
0.912,0.0838,1.0,0.0519,0.9994
0.9125,0.0812,1.0,0.0519,0.9994
0.913,0.0812,1.0,0.0519,0.9994
0.9135,0.0812,1.0,0.0519,0.9994
0.914,0.0812,1.0,0.0519,0.9994
0.9145,0.0812,1.0,0.0519,0.9994
0.915,0.0787,1.0,0.0519,0.9994
0.9155,0.0787,1.0,0.0519,0.9994
0.916,0.0787,1.0,0.0519,0.9994
0.9165,0.0787,1.0,0.0519,0.9994
0.917,0.0787,1.0,0.0519,0.9994
0.9175,0.0787,1.0,0.0519,0.9994
0.918,0.0787,1.0,0.0519,0.9994
0.9185,0.0787,1.0,0.0519,0.9994
0.919,0.0787,1.0,0.0519,0.9994
0.9195,0.0787,1.0,0.0519,0.9994
0.92,0.0787,1.0,0.0519,0.9994
0.9205,0.0787,1.0,0.0519,0.9994
0.921,0.0787,1.0,0.0519,0.9994
0.9215,0.0787,1.0,0.0519,0.9994
0.922,0.0787,1.0,0.0519,0.9994
0.9225,0.0761,1.0,0.0519,0.9994
0.923,0.0761,1.0,0.0519,0.9994
0.9235,0.0761,1.0,0.0519,0.9994
0.924,0.0761,1.0,0.0519,0.9994
0.9245,0.0761,1.0,0.0519,0.9994
0.925,0.0761,1.0,0.0519,0.9994
0.9255,0.0761,1.0,0.0519,0.9994
0.926,0.0761,1.0,0.0519,0.9994
0.9265,0.0761,1.0,0.0519,0.9994
0.927,0.0761,1.0,0.0519,0.9994
0.9275,0.0761,1.0,0.0519,0.9994
0.928,0.0761,1.0,0.0519,0.9994
0.9285,0.0761,1.0,0.0519,0.9994
0.929,0.0761,1.0,0.0519,0.9994
0.9295,0.0761,1.0,0.0519,0.9994
0.93,0.0761,1.0,0.0519,0.9994
0.9305,0.0761,1.0,0.0519,0.9994
0.931,0.0761,1.0,0.0519,0.9994
0.9315,0.0736,1.0,0.0519,0.9994
0.932,0.0736,1.0,0.0519,0.9994
0.9325,0.0736,1.0,0.0519,0.9994
0.933,0.0711,1.0,0.0519,0.9994
0.9335,0.0711,1.0,0.0519,0.9994
0.934,0.0711,1.0,0.0519,0.9994
0.9345,0.0711,1.0,0.0519,0.9994
0.935,0.0711,1.0,0.0519,0.9994
0.9355,0.0711,1.0,0.0519,0.9994
0.936,0.0711,1.0,0.0519,0.9994
0.9365,0.0711,1.0,0.0519,0.9994
0.937,0.0711,1.0,0.0519,0.9994
0.9375,0.0711,1.0,0.0519,0.9994
0.938,0.0711,1.0,0.0519,0.9994
0.9385,0.0711,1.0,0.0519,0.9994
0.939,0.0711,1.0,0.0519,0.9994
0.9395,0.0711,1.0,0.0519,0.9994
0.94,0.0711,1.0,0.0519,0.9994
0.9405,0.0711,1.0,0.0519,0.9994
0.941,0.0711,1.0,0.0519,0.9994
0.9415,0.0711,1.0,0.0519,0.9994
0.942,0.0711,1.0,0.0519,0.9994
0.9425,0.0711,1.0,0.0519,0.9994
0.943,0.0711,1.0,0.0519,0.9994
0.9435,0.0711,1.0,0.0519,0.9994
0.944,0.0711,1.0,0.0519,0.9994
0.9445,0.0711,1.0,0.0519,0.9994
0.945,0.0711,1.0,0.0519,0.9994
0.9455,0.0711,1.0,0.0519,0.9994
0.946,0.0685,1.0,0.0519,0.9994
0.9465,0.0685,1.0,0.0519,0.9994
0.947,0.0685,1.0,0.0519,0.9994
0.9475,0.0685,1.0,0.0519,0.9994
0.948,0.0685,1.0,0.0519,0.9994
0.9485,0.0685,1.0,0.0519,0.9994
0.949,0.0685,1.0,0.0519,0.9994
0.9495,0.0685,1.0,0.0519,0.9994
0.95,0.0685,1.0,0.0519,0.9994
0.9505,0.0685,1.0,0.0519,0.9994
0.951,0.0685,1.0,0.0519,0.9994
0.9515,0.0685,1.0,0.0519,0.9994
0.952,0.0685,1.0,0.0519,0.9994
0.9525,0.0685,1.0,0.0519,0.9994
0.953,0.0685,1.0,0.0519,0.9994
0.9535,0.0685,1.0,0.0519,0.9994
0.954,0.0685,1.0,0.0519,0.9994
0.9545,0.0685,1.0,0.0519,0.9994
0.955,0.0685,1.0,0.0519,0.9994
0.9555,0.0685,1.0,0.0501,0.9994
0.956,0.0685,1.0,0.0501,0.9994
0.9565,0.0685,1.0,0.0501,0.9994
0.957,0.0685,1.0,0.0501,0.9994
0.9575,0.0685,1.0,0.0501,0.9994
0.958,0.0685,1.0,0.0501,0.9994
0.9585,0.0685,1.0,0.0501,0.9994
0.959,0.0685,1.0,0.0501,0.9994
0.9595,0.0685,1.0,0.0501,0.9994
0.96,0.0685,1.0,0.0501,0.9994
0.9605,0.0685,1.0,0.0501,0.9994
0.961,0.0685,1.0,0.0501,0.9994
0.9615,0.0685,1.0,0.0501,0.9994
0.962,0.0685,1.0,0.0501,0.9994
0.9625,0.0685,1.0,0.0501,0.9994
0.963,0.0685,1.0,0.0501,0.9994
0.9635,0.0685,1.0,0.0501,0.9994
0.964,0.0685,1.0,0.0501,0.9994
0.9645,0.0685,1.0,0.0501,0.9994
0.965,0.0685,1.0,0.0501,0.9994
0.9655,0.0685,1.0,0.0501,0.9994
0.966,0.0685,1.0,0.0501,0.9994
0.9665,0.0685,1.0,0.0501,0.9994
0.967,0.0685,1.0,0.0501,0.9994
0.9675,0.0685,1.0,0.0501,0.9994
0.968,0.0685,1.0,0.0501,0.9994
0.9685,0.0685,1.0,0.0501,0.9994
0.969,0.0685,1.0,0.0501,0.9994
0.9695,0.0685,1.0,0.0483,0.9994
0.97,0.0685,1.0,0.0483,0.9994
0.9705,0.0685,1.0,0.0483,0.9994
0.971,0.0685,1.0,0.0483,0.9994
0.9715,0.0685,1.0,0.0483,0.9994
0.972,0.0685,1.0,0.0483,0.9994
0.9725,0.0685,1.0,0.0483,0.9994
0.973,0.0685,1.0,0.0483,0.9994
0.9735,0.0685,1.0,0.0483,0.9994
0.974,0.0685,1.0,0.0483,0.9994
0.9745,0.0685,1.0,0.0483,0.9994
0.975,0.0685,1.0,0.0483,0.9994
0.9755,0.0685,1.0,0.0483,0.9994
0.976,0.0685,1.0,0.0483,0.9994
0.9765,0.0685,1.0,0.0465,0.9994
0.977,0.0685,1.0,0.0465,0.9994
0.9775,0.0685,1.0,0.0465,0.9994
0.978,0.0685,1.0,0.0465,0.9994
0.9785,0.0685,1.0,0.0465,0.9994
0.979,0.0685,1.0,0.0465,0.9994
0.9795,0.0685,1.0,0.0465,0.9994
0.98,0.0685,1.0,0.0465,0.9994
0.9805,0.0685,1.0,0.0465,0.9994
0.981,0.0685,1.0,0.0465,0.9994
0.9815,0.066,1.0,0.0465,0.9994
0.982,0.066,1.0,0.0465,0.9994
0.9825,0.066,1.0,0.0465,0.9994
0.983,0.066,1.0,0.0465,0.9994
0.9835,0.066,1.0,0.0465,0.9994
0.984,0.066,1.0,0.0465,0.9994
0.9845,0.066,1.0,0.0465,0.9994
0.985,0.066,1.0,0.0465,0.9994
0.9855,0.066,1.0,0.0465,0.9994
0.986,0.066,1.0,0.0465,0.9994
0.9865,0.066,1.0,0.0465,0.9994
0.987,0.066,1.0,0.0465,0.9994
0.9875,0.066,1.0,0.0465,0.9994
0.988,0.066,1.0,0.0465,0.9994
0.9885,0.066,1.0,0.0465,0.9994
0.989,0.066,1.0,0.0465,0.9994
0.9895,0.066,1.0,0.0465,0.9994
0.99,0.066,1.0,0.0465,0.9994
0.9905,0.066,1.0,0.0465,0.9994
0.991,0.066,1.0,0.0465,0.9994
0.9915,0.066,1.0,0.0465,0.9994
0.992,0.066,1.0,0.0465,0.9994
0.9925,0.066,1.0,0.0465,0.9994
0.993,0.066,1.0,0.0465,0.9994
0.9935,0.066,1.0,0.0465,0.9994
0.994,0.066,1.0,0.0465,0.9994
0.9945,0.066,1.0,0.0465,0.9994
0.995,0.066,1.0,0.0465,0.9994
0.9955,0.066,1.0,0.0465,0.9994
0.996,0.066,1.0,0.0465,0.9994
0.9965,0.066,1.0,0.0465,0.9994
0.997,0.066,1.0,0.0465,0.9994
0.9975,0.066,1.0,0.0465,0.9994
0.998,0.066,1.0,0.0465,0.9994
0.9985,0.066,1.0,0.0447,0.9994
0.999,0.066,1.0,0.0447,0.9994
0.9995,0.066,1.0,0.0447,0.9994
1.0,0.066,1.0,0.0447,0.9994
