embedding,recall,precision
rad_dino,1.0,0.095084
rad_dino,1.0,0.095262
rad_dino,1.0,0.095441
rad_dino,1.0,0.095621
rad_dino,0.998211,0.09563
rad_dino,0.998211,0.09581
rad_dino,0.998211,0.095992
rad_dino,0.996422,0.096001
rad_dino,0.996422,0.096184
rad_dino,0.996422,0.096367
rad_dino,0.996422,0.096551
rad_dino,0.996422,0.096735
rad_dino,0.996422,0.09692
rad_dino,0.996422,0.097106
rad_dino,0.996422,0.097293
rad_dino,0.996422,0.09748
rad_dino,0.996422,0.097668
rad_dino,0.996422,0.097857
rad_dino,0.996422,0.098046
rad_dino,0.996422,0.098236
rad_dino,0.996422,0.098427
rad_dino,0.996422,0.098619
rad_dino,0.996422,0.098811
rad_dino,0.996422,0.099005
rad_dino,0.996422,0.099199
rad_dino,0.996422,0.099393
rad_dino,0.996422,0.099589
rad_dino,0.996422,0.099785
rad_dino,0.996422,0.099982
rad_dino,0.996422,0.10018
rad_dino,0.996422,0.100378
rad_dino,0.996422,0.100578
rad_dino,0.996422,0.100778
rad_dino,0.996422,0.100979
rad_dino,0.996422,0.101181
rad_dino,0.996422,0.101383
rad_dino,0.996422,0.101587
rad_dino,0.996422,0.101791
rad_dino,0.996422,0.101996
rad_dino,0.996422,0.102202
rad_dino,0.996422,0.102409
rad_dino,0.996422,0.102616
rad_dino,0.996422,0.102824
rad_dino,0.996422,0.103034
rad_dino,0.996422,0.103244
rad_dino,0.996422,0.103455
rad_dino,0.996422,0.103666
rad_dino,0.996422,0.103879
rad_dino,0.996422,0.104093
rad_dino,0.996422,0.104307
rad_dino,0.996422,0.104522
rad_dino,0.996422,0.104739
rad_dino,0.996422,0.104956
rad_dino,0.996422,0.105174
rad_dino,0.996422,0.105393
rad_dino,0.996422,0.105612
rad_dino,0.996422,0.105833
rad_dino,0.996422,0.106055
rad_dino,0.996422,0.106277
rad_dino,0.996422,0.106501
rad_dino,0.996422,0.106725
rad_dino,0.996422,0.106951
rad_dino,0.996422,0.107177
rad_dino,0.996422,0.107405
rad_dino,0.996422,0.107633
rad_dino,0.996422,0.107862
rad_dino,0.996422,0.108092
rad_dino,0.996422,0.108324
rad_dino,0.996422,0.108556
rad_dino,0.994633,0.108594
rad_dino,0.994633,0.108828
rad_dino,0.994633,0.109062
rad_dino,0.994633,0.109298
rad_dino,0.994633,0.109535
rad_dino,0.994633,0.109773
rad_dino,0.994633,0.110012
rad_dino,0.994633,0.110252
rad_dino,0.994633,0.110493
rad_dino,0.994633,0.110735
rad_dino,0.994633,0.110978
rad_dino,0.994633,0.111222
rad_dino,0.994633,0.111468
rad_dino,0.994633,0.111714
rad_dino,0.994633,0.111961
rad_dino,0.994633,0.11221
rad_dino,0.994633,0.11246
rad_dino,0.994633,0.11271
rad_dino,0.994633,0.112962
rad_dino,0.994633,0.113215
rad_dino,0.994633,0.113469
rad_dino,0.994633,0.113725
rad_dino,0.994633,0.113981
rad_dino,0.994633,0.114239
rad_dino,0.994633,0.114498
rad_dino,0.994633,0.114757
rad_dino,0.994633,0.115019
rad_dino,0.994633,0.115281
rad_dino,0.994633,0.115544
rad_dino,0.994633,0.115809
rad_dino,0.994633,0.116075
rad_dino,0.994633,0.116342
rad_dino,0.994633,0.116611
rad_dino,0.994633,0.11688
rad_dino,0.994633,0.117151
rad_dino,0.994633,0.117423
rad_dino,0.994633,0.117697
rad_dino,0.994633,0.117972
rad_dino,0.994633,0.118248
rad_dino,0.994633,0.118525
rad_dino,0.994633,0.118803
rad_dino,0.994633,0.119083
rad_dino,0.994633,0.119365
rad_dino,0.992844,0.119432
rad_dino,0.992844,0.119715
rad_dino,0.992844,0.12
rad_dino,0.992844,0.120286
rad_dino,0.992844,0.120574
rad_dino,0.992844,0.120862
rad_dino,0.992844,0.121153
rad_dino,0.992844,0.121444
rad_dino,0.992844,0.121737
rad_dino,0.992844,0.122032
rad_dino,0.992844,0.122328
rad_dino,0.992844,0.122625
rad_dino,0.992844,0.122924
rad_dino,0.992844,0.123224
rad_dino,0.992844,0.123525
rad_dino,0.992844,0.123829
rad_dino,0.991055,0.12391
rad_dino,0.991055,0.124215
rad_dino,0.991055,0.124522
rad_dino,0.991055,0.124831
rad_dino,0.991055,0.125169
rad_dino,0.991055,0.125481
rad_dino,0.991055,0.125823
rad_dino,0.991055,0.126138
rad_dino,0.991055,0.126455
rad_dino,0.991055,0.126773
rad_dino,0.991055,0.127093
rad_dino,0.991055,0.127415
rad_dino,0.991055,0.127738
rad_dino,0.991055,0.128063
rad_dino,0.989267,0.128158
rad_dino,0.989267,0.128485
rad_dino,0.989267,0.128814
rad_dino,0.989267,0.129145
rad_dino,0.989267,0.129478
rad_dino,0.989267,0.129812
rad_dino,0.989267,0.130179
rad_dino,0.989267,0.130517
rad_dino,0.989267,0.130857
rad_dino,0.989267,0.131198
rad_dino,0.989267,0.131541
rad_dino,0.989267,0.131886
rad_dino,0.989267,0.132233
rad_dino,0.989267,0.132582
rad_dino,0.989267,0.132965
rad_dino,0.989267,0.133317
rad_dino,0.989267,0.133672
rad_dino,0.989267,0.134028
rad_dino,0.989267,0.134386
rad_dino,0.989267,0.134747
rad_dino,0.989267,0.135109
rad_dino,0.989267,0.135473
rad_dino,0.989267,0.135839
rad_dino,0.989267,0.136207
rad_dino,0.989267,0.136577
rad_dino,0.989267,0.136949
rad_dino,0.989267,0.137323
rad_dino,0.989267,0.137699
rad_dino,0.989267,0.138077
rad_dino,0.989267,0.138458
rad_dino,0.989267,0.13884
rad_dino,0.989267,0.139225
rad_dino,0.989267,0.139611
rad_dino,0.989267,0.14
rad_dino,0.989267,0.140391
rad_dino,0.989267,0.140784
rad_dino,0.989267,0.141179
rad_dino,0.987478,0.141321
rad_dino,0.987478,0.14172
rad_dino,0.985689,0.141864
rad_dino,0.985689,0.142267
rad_dino,0.985689,0.142672
rad_dino,0.985689,0.143117
rad_dino,0.985689,0.143564
rad_dino,0.985689,0.143977
rad_dino,0.985689,0.144392
rad_dino,0.985689,0.144809
rad_dino,0.985689,0.145229
rad_dino,0.985689,0.145652
rad_dino,0.985689,0.146076
rad_dino,0.985689,0.146504
rad_dino,0.985689,0.146933
rad_dino,0.985689,0.147366
rad_dino,0.985689,0.1478
rad_dino,0.985689,0.148238
rad_dino,0.985689,0.148678
rad_dino,0.985689,0.14912
rad_dino,0.985689,0.149566
rad_dino,0.985689,0.150014
rad_dino,0.985689,0.150464
rad_dino,0.985689,0.150918
rad_dino,0.985689,0.151374
rad_dino,0.985689,0.151832
rad_dino,0.985689,0.152336
rad_dino,0.9839,0.152524
rad_dino,0.9839,0.153033
rad_dino,0.9839,0.153503
rad_dino,0.982111,0.153738
rad_dino,0.982111,0.154257
rad_dino,0.982111,0.154735
rad_dino,0.982111,0.155216
rad_dino,0.982111,0.155701
rad_dino,0.982111,0.156188
rad_dino,0.982111,0.156678
rad_dino,0.982111,0.157171
rad_dino,0.980322,0.157381
rad_dino,0.980322,0.15788
rad_dino,0.980322,0.158382
rad_dino,0.980322,0.158887
rad_dino,0.978533,0.159104
rad_dino,0.978533,0.159615
rad_dino,0.978533,0.160129
rad_dino,0.978533,0.160646
rad_dino,0.978533,0.161167
rad_dino,0.978533,0.161691
rad_dino,0.978533,0.162218
rad_dino,0.978533,0.162749
rad_dino,0.978533,0.163284
rad_dino,0.976744,0.163571
rad_dino,0.976744,0.164161
rad_dino,0.976744,0.164855
rad_dino,0.976744,0.165404
rad_dino,0.974955,0.165653
rad_dino,0.974955,0.166209
rad_dino,0.973166,0.166463
rad_dino,0.971377,0.166718
rad_dino,0.969589,0.166975
rad_dino,0.969589,0.167543
rad_dino,0.969589,0.168114
rad_dino,0.969589,0.16869
rad_dino,0.969589,0.169269
rad_dino,0.969589,0.169853
rad_dino,0.9678,0.170179
rad_dino,0.966011,0.170455
rad_dino,0.964222,0.170732
rad_dino,0.964222,0.171329
rad_dino,0.964222,0.17193
rad_dino,0.964222,0.172535
rad_dino,0.964222,0.173145
rad_dino,0.964222,0.173759
rad_dino,0.962433,0.174054
rad_dino,0.960644,0.174351
rad_dino,0.960644,0.174976
rad_dino,0.958855,0.175278
rad_dino,0.958855,0.175911
rad_dino,0.958855,0.176548
rad_dino,0.958855,0.17719
rad_dino,0.958855,0.177837
rad_dino,0.958855,0.178488
rad_dino,0.958855,0.179144
rad_dino,0.957066,0.17947
rad_dino,0.957066,0.180135
rad_dino,0.957066,0.180804
rad_dino,0.957066,0.181479
rad_dino,0.957066,0.182159
rad_dino,0.957066,0.182843
rad_dino,0.957066,0.183533
rad_dino,0.955277,0.183948
rad_dino,0.953488,0.184302
rad_dino,0.953488,0.185005
rad_dino,0.951699,0.185366
rad_dino,0.949911,0.185729
rad_dino,0.949911,0.186447
rad_dino,0.946333,0.186465
rad_dino,0.946333,0.18719
rad_dino,0.946333,0.187922
rad_dino,0.946333,0.188726
rad_dino,0.946333,0.18947
rad_dino,0.944544,0.18986
rad_dino,0.942755,0.190253
rad_dino,0.940966,0.190649
rad_dino,0.940966,0.191412
rad_dino,0.940966,0.192251
rad_dino,0.940966,0.193028
rad_dino,0.940966,0.193953
rad_dino,0.940966,0.194743
rad_dino,0.940966,0.195539
rad_dino,0.940966,0.196342
rad_dino,0.939177,0.196777
rad_dino,0.939177,0.197591
rad_dino,0.937388,0.198035
rad_dino,0.937388,0.198937
rad_dino,0.935599,0.19939
rad_dino,0.935599,0.20023
rad_dino,0.935599,0.201077
rad_dino,0.935599,0.201931
rad_dino,0.935599,0.202792
rad_dino,0.935599,0.20366
rad_dino,0.93381,0.204145
rad_dino,0.93381,0.205108
rad_dino,0.93381,0.205998
rad_dino,0.93381,0.206897
rad_dino,0.93381,0.207803
rad_dino,0.932021,0.208317
rad_dino,0.932021,0.209237
rad_dino,0.932021,0.210165
rad_dino,0.932021,0.211102
rad_dino,0.930233,0.21164
rad_dino,0.930233,0.212592
rad_dino,0.930233,0.213552
rad_dino,0.928444,0.214109
rad_dino,0.928444,0.215085
rad_dino,0.926655,0.215654
rad_dino,0.926655,0.216646
rad_dino,0.926655,0.217647
rad_dino,0.926655,0.21875
rad_dino,0.924866,0.219347
rad_dino,0.924866,0.220375
rad_dino,0.924866,0.221508
rad_dino,0.924866,0.222557
rad_dino,0.923077,0.22328
rad_dino,0.921288,0.223913
rad_dino,0.921288,0.224989
rad_dino,0.91771,0.225198
rad_dino,0.91771,0.22629
rad_dino,0.91771,0.227394
rad_dino,0.91771,0.228508
rad_dino,0.914132,0.228738
rad_dino,0.914132,0.22987
rad_dino,0.912343,0.230561
rad_dino,0.912343,0.231713
rad_dino,0.912343,0.232877
rad_dino,0.912343,0.234052
rad_dino,0.912343,0.23524
rad_dino,0.912343,0.236439
rad_dino,0.910555,0.237185
rad_dino,0.910555,0.238519
rad_dino,0.910555,0.239755
rad_dino,0.910555,0.241004
rad_dino,0.910555,0.242381
rad_dino,0.910555,0.243657
rad_dino,0.908766,0.244466
rad_dino,0.906977,0.245283
rad_dino,0.906977,0.246595
rad_dino,0.905188,0.247433
rad_dino,0.905188,0.248771
rad_dino,0.903399,0.249629
rad_dino,0.90161,0.250497
rad_dino,0.90161,0.251874
rad_dino,0.90161,0.253266
rad_dino,0.899821,0.254169
rad_dino,0.899821,0.255589
rad_dino,0.899821,0.257157
rad_dino,0.898032,0.258098
rad_dino,0.898032,0.259834
rad_dino,0.894454,0.260281
rad_dino,0.894454,0.26178
rad_dino,0.894454,0.263296
rad_dino,0.894454,0.264831
rad_dino,0.894454,0.266383
rad_dino,0.894454,0.267953
rad_dino,0.894454,0.269542
rad_dino,0.894454,0.271297
rad_dino,0.894454,0.272926
rad_dino,0.894454,0.274574
rad_dino,0.892665,0.275996
rad_dino,0.892665,0.277685
rad_dino,0.892665,0.279395
rad_dino,0.889088,0.28
rad_dino,0.889088,0.281746
rad_dino,0.889088,0.283676
rad_dino,0.889088,0.285468
rad_dino,0.883721,0.285714
rad_dino,0.881932,0.286962
rad_dino,0.878354,0.287639
rad_dino,0.878354,0.289505
rad_dino,0.878354,0.291568
rad_dino,0.876565,0.292887
rad_dino,0.876565,0.294826
rad_dino,0.876565,0.29679
rad_dino,0.876565,0.29878
rad_dino,0.876565,0.300798
rad_dino,0.876565,0.302843
rad_dino,0.874776,0.304294
rad_dino,0.872987,0.305764
rad_dino,0.872987,0.307886
rad_dino,0.872987,0.310038
rad_dino,0.871199,0.31178
rad_dino,0.867621,0.312701
rad_dino,0.865832,0.314286
rad_dino,0.865832,0.316547
rad_dino,0.862254,0.317523
rad_dino,0.862254,0.319841
rad_dino,0.862254,0.322408
rad_dino,0.860465,0.324124
rad_dino,0.856887,0.325187
rad_dino,0.855098,0.326949
rad_dino,0.853309,0.328739
rad_dino,0.853309,0.33125
rad_dino,0.849732,0.3324
rad_dino,0.846154,0.333568
rad_dino,0.842576,0.334755
rad_dino,0.842576,0.337393
rad_dino,0.842576,0.340072
rad_dino,0.840787,0.342067
rad_dino,0.838998,0.344094
rad_dino,0.838998,0.346893
rad_dino,0.837209,0.348993
rad_dino,0.83542,0.351392
rad_dino,0.83542,0.354594
rad_dino,0.83542,0.35758
rad_dino,0.83542,0.360618
rad_dino,0.833631,0.362928
rad_dino,0.833631,0.366064
rad_dino,0.831843,0.368463
rad_dino,0.828265,0.370104
rad_dino,0.828265,0.373387
rad_dino,0.822898,0.374288
rad_dino,0.821109,0.376847
rad_dino,0.817531,0.378625
rad_dino,0.813953,0.380435
rad_dino,0.812165,0.383446
rad_dino,0.812165,0.387042
rad_dino,0.808587,0.388985
rad_dino,0.805009,0.390964
rad_dino,0.805009,0.394737
rad_dino,0.805009,0.398583
rad_dino,0.801431,0.400716
rad_dino,0.801431,0.404697
rad_dino,0.799642,0.407847
rad_dino,0.797853,0.41106
rad_dino,0.794275,0.413408
rad_dino,0.790698,0.416196
rad_dino,0.78712,0.419447
rad_dino,0.78712,0.424301
rad_dino,0.785331,0.428293
rad_dino,0.783542,0.431953
rad_dino,0.781753,0.435693
rad_dino,0.781753,0.440969
rad_dino,0.781753,0.446374
rad_dino,0.776386,0.448347
rad_dino,0.774597,0.452456
rad_dino,0.774597,0.457717
rad_dino,0.774597,0.463102
rad_dino,0.77102,0.46645
rad_dino,0.77102,0.47207
rad_dino,0.763864,0.473392
rad_dino,0.758497,0.47587
rad_dino,0.754919,0.479545
rad_dino,0.749553,0.482163
rad_dino,0.745975,0.486581
rad_dino,0.742397,0.490544
rad_dino,0.73703,0.493413
rad_dino,0.731664,0.496359
rad_dino,0.731664,0.503075
rad_dino,0.726297,0.506866
rad_dino,0.724508,0.513308
rad_dino,0.72093,0.517995
rad_dino,0.717352,0.522816
rad_dino,0.713775,0.527778
rad_dino,0.713775,0.53557
rad_dino,0.711986,0.542974
rad_dino,0.706619,0.547091
rad_dino,0.70483,0.55493
rad_dino,0.699463,0.559371
rad_dino,0.692308,0.5625
rad_dino,0.686941,0.567208
rad_dino,0.681574,0.572072
rad_dino,0.681574,0.581679
rad_dino,0.667263,0.579193
rad_dino,0.665474,0.587678
rad_dino,0.658318,0.592593
rad_dino,0.654741,0.6
rad_dino,0.649374,0.60601
rad_dino,0.644007,0.612245
rad_dino,0.631485,0.611785
rad_dino,0.624329,0.616608
rad_dino,0.617174,0.621622
rad_dino,0.613596,0.630515
rad_dino,0.610018,0.639775
rad_dino,0.604651,0.64751
rad_dino,0.597496,0.65362
rad_dino,0.59034,0.66
rad_dino,0.579606,0.662577
rad_dino,0.567084,0.66318
rad_dino,0.556351,0.665953
rad_dino,0.549195,0.674725
rad_dino,0.536673,0.677201
rad_dino,0.525939,0.682135
rad_dino,0.518784,0.690476
rad_dino,0.509839,0.696822
rad_dino,0.500894,0.703518
rad_dino,0.488372,0.705426
rad_dino,0.477639,0.710106
rad_dino,0.468694,0.71978
rad_dino,0.45975,0.728045
rad_dino,0.450805,0.736842
rad_dino,0.44186,0.746224
rad_dino,0.434705,0.759375
rad_dino,0.420394,0.760518
rad_dino,0.407871,0.765101
rad_dino,0.397138,0.773519
rad_dino,0.386404,0.782609
rad_dino,0.370304,0.781132
rad_dino,0.354204,0.779528
rad_dino,0.341682,0.786008
rad_dino,0.323792,0.780172
rad_dino,0.31127,0.78733
rad_dino,0.300537,0.803828
rad_dino,0.288014,0.813131
rad_dino,0.275492,0.823529
rad_dino,0.264758,0.840909
rad_dino,0.255814,0.866667
rad_dino,0.237925,0.863636
rad_dino,0.221825,0.867133
rad_dino,0.203936,0.863636
rad_dino,0.187835,0.867769
rad_dino,0.173524,0.881818
rad_dino,0.155635,0.878788
rad_dino,0.141324,0.897727
rad_dino,0.125224,0.909091
rad_dino,0.110912,0.953846
rad_dino,0.091234,0.944444
rad_dino,0.071556,0.930233
rad_dino,0.051878,0.90625
rad_dino,0.033989,0.904762
rad_dino,0.017889,1.0
biomedclip,1.0,0.095084
biomedclip,1.0,0.095262
biomedclip,1.0,0.095441
biomedclip,1.0,0.095621
biomedclip,1.0,0.095801
biomedclip,1.0,0.095982
biomedclip,1.0,0.096164
biomedclip,1.0,0.096346
biomedclip,1.0,0.096529
biomedclip,1.0,0.096713
biomedclip,1.0,0.096897
biomedclip,0.998211,0.096909
biomedclip,0.998211,0.097094
biomedclip,0.998211,0.09728
biomedclip,0.996422,0.097293
biomedclip,0.996422,0.09748
biomedclip,0.994633,0.097493
biomedclip,0.994633,0.097681
biomedclip,0.994633,0.09787
biomedclip,0.994633,0.09806
biomedclip,0.994633,0.098251
biomedclip,0.994633,0.098442
biomedclip,0.994633,0.098634
biomedclip,0.994633,0.098827
biomedclip,0.994633,0.09902
biomedclip,0.992844,0.099036
biomedclip,0.992844,0.099231
biomedclip,0.992844,0.099427
biomedclip,0.991055,0.099444
biomedclip,0.991055,0.09964
biomedclip,0.991055,0.099838
biomedclip,0.987478,0.099675
biomedclip,0.987478,0.099873
biomedclip,0.987478,0.100073
biomedclip,0.987478,0.100272
biomedclip,0.987478,0.100473
biomedclip,0.987478,0.100675
biomedclip,0.987478,0.100877
biomedclip,0.987478,0.10108
biomedclip,0.987478,0.101284
biomedclip,0.987478,0.101489
biomedclip,0.987478,0.101695
biomedclip,0.987478,0.101901
biomedclip,0.987478,0.102109
biomedclip,0.987478,0.102317
biomedclip,0.987478,0.102526
biomedclip,0.987478,0.102736
biomedclip,0.985689,0.10276
biomedclip,0.985689,0.102971
biomedclip,0.985689,0.103184
biomedclip,0.9839,0.103209
biomedclip,0.982111,0.103234
biomedclip,0.982111,0.103448
biomedclip,0.982111,0.103663
biomedclip,0.982111,0.103879
biomedclip,0.978533,0.103716
biomedclip,0.978533,0.103933
biomedclip,0.978533,0.104151
biomedclip,0.976744,0.104179
biomedclip,0.976744,0.104398
biomedclip,0.976744,0.104618
biomedclip,0.976744,0.104859
biomedclip,0.976744,0.105081
biomedclip,0.976744,0.105304
biomedclip,0.976744,0.105528
biomedclip,0.974955,0.105559
biomedclip,0.974955,0.105784
biomedclip,0.974955,0.106031
biomedclip,0.974955,0.106259
biomedclip,0.974955,0.106487
biomedclip,0.973166,0.10652
biomedclip,0.973166,0.10675
biomedclip,0.973166,0.106981
biomedclip,0.973166,0.107213
biomedclip,0.973166,0.107446
biomedclip,0.973166,0.10768
biomedclip,0.971377,0.107717
biomedclip,0.969589,0.107753
biomedclip,0.969589,0.10799
biomedclip,0.9678,0.108027
biomedclip,0.9678,0.108265
biomedclip,0.9678,0.108504
biomedclip,0.9678,0.108744
biomedclip,0.9678,0.108985
biomedclip,0.9678,0.109227
biomedclip,0.9678,0.10947
biomedclip,0.966011,0.109511
biomedclip,0.966011,0.109756
biomedclip,0.964222,0.109798
biomedclip,0.964222,0.110045
biomedclip,0.964222,0.110293
biomedclip,0.964222,0.110541
biomedclip,0.964222,0.110791
biomedclip,0.964222,0.111042
biomedclip,0.964222,0.111295
biomedclip,0.964222,0.111548
biomedclip,0.962433,0.111595
biomedclip,0.962433,0.11185
biomedclip,0.962433,0.112107
biomedclip,0.962433,0.112364
biomedclip,0.960644,0.112414
biomedclip,0.960644,0.112673
biomedclip,0.960644,0.112934
biomedclip,0.960644,0.113219
biomedclip,0.958855,0.113271
biomedclip,0.958855,0.113535
biomedclip,0.958855,0.113825
biomedclip,0.958855,0.114091
biomedclip,0.958855,0.114359
biomedclip,0.958855,0.114628
biomedclip,0.958855,0.114898
biomedclip,0.957066,0.114955
biomedclip,0.957066,0.115227
biomedclip,0.957066,0.115501
biomedclip,0.957066,0.115776
biomedclip,0.957066,0.116052
biomedclip,0.957066,0.11633
biomedclip,0.957066,0.116609
biomedclip,0.957066,0.116889
biomedclip,0.957066,0.11717
biomedclip,0.957066,0.117453
biomedclip,0.957066,0.117738
biomedclip,0.957066,0.118023
biomedclip,0.957066,0.11831
biomedclip,0.957066,0.118599
biomedclip,0.955277,0.118667
biomedclip,0.955277,0.118957
biomedclip,0.955277,0.11925
biomedclip,0.955277,0.119543
biomedclip,0.953488,0.119614
biomedclip,0.949911,0.11946
biomedclip,0.949911,0.119756
biomedclip,0.949911,0.120054
biomedclip,0.948122,0.120127
biomedclip,0.948122,0.120427
biomedclip,0.946333,0.120501
biomedclip,0.946333,0.120804
biomedclip,0.946333,0.121108
biomedclip,0.946333,0.121414
biomedclip,0.946333,0.121721
biomedclip,0.944544,0.121799
biomedclip,0.944544,0.122109
biomedclip,0.944544,0.122421
biomedclip,0.940966,0.122269
biomedclip,0.939177,0.122349
biomedclip,0.939177,0.122664
biomedclip,0.939177,0.12298
biomedclip,0.939177,0.123297
biomedclip,0.939177,0.123617
biomedclip,0.939177,0.123938
biomedclip,0.939177,0.12426
biomedclip,0.939177,0.124585
biomedclip,0.939177,0.124911
biomedclip,0.939177,0.125239
biomedclip,0.939177,0.125628
biomedclip,0.939177,0.12596
biomedclip,0.939177,0.126293
biomedclip,0.939177,0.126628
biomedclip,0.939177,0.126996
biomedclip,0.935599,0.126849
biomedclip,0.935599,0.127189
biomedclip,0.935599,0.12753
biomedclip,0.935599,0.127873
biomedclip,0.93381,0.127973
biomedclip,0.93381,0.12835
biomedclip,0.93381,0.128698
biomedclip,0.93381,0.129048
biomedclip,0.93381,0.1294
biomedclip,0.93381,0.129754
biomedclip,0.932021,0.12986
biomedclip,0.932021,0.130217
biomedclip,0.930233,0.130326
biomedclip,0.928444,0.130468
biomedclip,0.928444,0.130829
biomedclip,0.926655,0.13094
biomedclip,0.926655,0.131305
biomedclip,0.926655,0.131673
biomedclip,0.924866,0.131787
biomedclip,0.924866,0.132157
biomedclip,0.921288,0.132017
biomedclip,0.91771,0.131877
biomedclip,0.91771,0.132251
biomedclip,0.91771,0.132627
biomedclip,0.915921,0.132746
biomedclip,0.915921,0.133125
biomedclip,0.914132,0.133246
biomedclip,0.914132,0.13363
biomedclip,0.912343,0.133753
biomedclip,0.910555,0.133877
biomedclip,0.910555,0.134265
biomedclip,0.910555,0.134656
biomedclip,0.910555,0.135049
biomedclip,0.908766,0.135178
biomedclip,0.908766,0.135575
biomedclip,0.908766,0.135974
biomedclip,0.908766,0.136376
biomedclip,0.906977,0.136511
biomedclip,0.906977,0.136916
biomedclip,0.906977,0.137324
biomedclip,0.905188,0.137463
biomedclip,0.903399,0.13764
biomedclip,0.90161,0.13778
biomedclip,0.90161,0.138196
biomedclip,0.899821,0.138339
biomedclip,0.899821,0.138759
biomedclip,0.899821,0.139181
biomedclip,0.899821,0.139606
biomedclip,0.899821,0.140033
biomedclip,0.899821,0.140503
biomedclip,0.899821,0.140936
biomedclip,0.898032,0.141091
biomedclip,0.896243,0.141246
biomedclip,0.896243,0.141686
biomedclip,0.894454,0.141844
biomedclip,0.894454,0.142288
biomedclip,0.892665,0.142449
biomedclip,0.892665,0.142898
biomedclip,0.892665,0.14335
biomedclip,0.892665,0.143804
biomedclip,0.890877,0.143972
biomedclip,0.889088,0.144142
biomedclip,0.887299,0.144312
biomedclip,0.887299,0.144775
biomedclip,0.88551,0.144949
biomedclip,0.88551,0.145417
biomedclip,0.88551,0.145889
biomedclip,0.883721,0.146067
biomedclip,0.883721,0.146544
biomedclip,0.881932,0.146726
biomedclip,0.881932,0.147208
biomedclip,0.881932,0.147693
biomedclip,0.881932,0.148182
biomedclip,0.881932,0.148673
biomedclip,0.880143,0.14891
biomedclip,0.880143,0.149408
biomedclip,0.880143,0.149909
biomedclip,0.880143,0.150413
biomedclip,0.880143,0.15092
biomedclip,0.878354,0.151123
biomedclip,0.878354,0.151637
biomedclip,0.878354,0.152154
biomedclip,0.874776,0.152052
biomedclip,0.874776,0.152574
biomedclip,0.874776,0.1531
biomedclip,0.874776,0.153629
biomedclip,0.874776,0.154161
biomedclip,0.86941,0.153797
biomedclip,0.86941,0.154335
biomedclip,0.867621,0.154557
biomedclip,0.865832,0.15483
biomedclip,0.864043,0.155056
biomedclip,0.864043,0.155606
biomedclip,0.864043,0.15621
biomedclip,0.864043,0.156767
biomedclip,0.864043,0.157329
biomedclip,0.862254,0.157568
biomedclip,0.862254,0.158136
biomedclip,0.862254,0.158709
biomedclip,0.862254,0.159286
biomedclip,0.862254,0.159867
biomedclip,0.862254,0.160506
biomedclip,0.860465,0.160762
biomedclip,0.860465,0.161355
biomedclip,0.858676,0.161616
biomedclip,0.858676,0.162217
biomedclip,0.856887,0.162483
biomedclip,0.856887,0.163092
biomedclip,0.856887,0.163705
biomedclip,0.856887,0.164322
biomedclip,0.856887,0.165002
biomedclip,0.856887,0.165629
biomedclip,0.855098,0.165972
biomedclip,0.855098,0.166609
biomedclip,0.853309,0.1669
biomedclip,0.853309,0.167545
biomedclip,0.853309,0.168195
biomedclip,0.849732,0.168201
biomedclip,0.849732,0.168859
biomedclip,0.847943,0.169165
biomedclip,0.844365,0.169115
biomedclip,0.840787,0.169065
biomedclip,0.840787,0.169736
biomedclip,0.840787,0.170413
biomedclip,0.840787,0.171096
biomedclip,0.840787,0.171784
biomedclip,0.840787,0.17254
biomedclip,0.838998,0.172871
biomedclip,0.837209,0.173205
biomedclip,0.837209,0.173913
biomedclip,0.837209,0.174692
biomedclip,0.837209,0.175478
biomedclip,0.837209,0.176271
biomedclip,0.837209,0.177005
biomedclip,0.83542,0.177364
biomedclip,0.83542,0.178108
biomedclip,0.833631,0.178476
biomedclip,0.833631,0.179231
biomedclip,0.833631,0.179992
biomedclip,0.833631,0.18083
biomedclip,0.833631,0.181606
biomedclip,0.831843,0.182067
biomedclip,0.830054,0.182462
biomedclip,0.828265,0.182859
biomedclip,0.828265,0.183657
biomedclip,0.824687,0.183665
biomedclip,0.822898,0.184074
biomedclip,0.821109,0.184486
biomedclip,0.821109,0.18538
biomedclip,0.821109,0.186207
biomedclip,0.821109,0.187042
biomedclip,0.821109,0.187884
biomedclip,0.821109,0.188811
biomedclip,0.817531,0.188999
biomedclip,0.815742,0.189447
biomedclip,0.813953,0.1899
biomedclip,0.813953,0.190776
biomedclip,0.812165,0.191238
biomedclip,0.810376,0.191705
biomedclip,0.810376,0.192602
biomedclip,0.810376,0.193507
biomedclip,0.808587,0.193991
biomedclip,0.808587,0.194912
biomedclip,0.808587,0.195841
biomedclip,0.806798,0.196429
biomedclip,0.806798,0.197374
biomedclip,0.806798,0.198329
biomedclip,0.80322,0.198409
biomedclip,0.80322,0.199378
biomedclip,0.80322,0.200446
biomedclip,0.80322,0.201436
biomedclip,0.801431,0.201984
biomedclip,0.801431,0.203083
biomedclip,0.799642,0.203645
biomedclip,0.794275,0.20339
biomedclip,0.794275,0.20442
biomedclip,0.794275,0.20546
biomedclip,0.794275,0.206512
biomedclip,0.792487,0.207106
biomedclip,0.788909,0.207237
biomedclip,0.78712,0.207841
biomedclip,0.78712,0.208927
biomedclip,0.78712,0.210024
biomedclip,0.783542,0.210173
biomedclip,0.781753,0.210806
biomedclip,0.779964,0.211445
biomedclip,0.778175,0.212092
biomedclip,0.776386,0.212745
biomedclip,0.776386,0.213898
biomedclip,0.774597,0.214569
biomedclip,0.772809,0.215247
biomedclip,0.767442,0.21493
biomedclip,0.767442,0.216121
biomedclip,0.765653,0.216819
biomedclip,0.765653,0.218034
biomedclip,0.765653,0.219375
biomedclip,0.765653,0.220619
biomedclip,0.763864,0.221358
biomedclip,0.754919,0.220136
biomedclip,0.754919,0.221406
biomedclip,0.754919,0.222809
biomedclip,0.753131,0.223579
biomedclip,0.753131,0.224893
biomedclip,0.749553,0.225148
biomedclip,0.749553,0.226486
biomedclip,0.749553,0.227841
biomedclip,0.747764,0.22879
biomedclip,0.744186,0.229075
biomedclip,0.744186,0.230471
biomedclip,0.738819,0.23034
biomedclip,0.73703,0.231201
biomedclip,0.733453,0.231508
biomedclip,0.729875,0.23195
biomedclip,0.726297,0.232265
biomedclip,0.726297,0.233871
biomedclip,0.726297,0.235362
biomedclip,0.717352,0.234092
biomedclip,0.717352,0.235744
biomedclip,0.715564,0.236686
biomedclip,0.711986,0.237046
biomedclip,0.706619,0.236811
biomedclip,0.706619,0.238383
biomedclip,0.70483,0.239368
biomedclip,0.701252,0.239755
biomedclip,0.699463,0.240764
biomedclip,0.694097,0.240546
biomedclip,0.694097,0.242197
biomedclip,0.694097,0.243872
biomedclip,0.68873,0.243825
biomedclip,0.685152,0.24426
biomedclip,0.685152,0.245986
biomedclip,0.679785,0.245796
biomedclip,0.679785,0.247557
biomedclip,0.679785,0.249671
biomedclip,0.676208,0.250165
biomedclip,0.670841,0.250167
biomedclip,0.670841,0.252016
biomedclip,0.669052,0.253216
biomedclip,0.665474,0.253752
biomedclip,0.661896,0.254296
biomedclip,0.661896,0.256233
biomedclip,0.660107,0.257502
biomedclip,0.658318,0.25879
biomedclip,0.65653,0.260099
biomedclip,0.65653,0.262143
biomedclip,0.65653,0.264219
biomedclip,0.651163,0.264151
biomedclip,0.649374,0.265545
biomedclip,0.647585,0.266962
biomedclip,0.645796,0.268401
biomedclip,0.642218,0.269115
biomedclip,0.640429,0.270597
biomedclip,0.635063,0.270579
biomedclip,0.631485,0.27133
biomedclip,0.629696,0.27308
biomedclip,0.624329,0.273083
biomedclip,0.624329,0.275454
biomedclip,0.618962,0.275478
biomedclip,0.618962,0.277912
biomedclip,0.613596,0.277958
biomedclip,0.610018,0.279051
biomedclip,0.608229,0.28076
biomedclip,0.60644,0.2825
biomedclip,0.602862,0.283431
biomedclip,0.601073,0.285229
biomedclip,0.595707,0.285347
biomedclip,0.592129,0.286332
biomedclip,0.59034,0.28821
biomedclip,0.59034,0.291262
biomedclip,0.583184,0.290812
biomedclip,0.579606,0.291892
biomedclip,0.579606,0.294813
biomedclip,0.579606,0.297794
biomedclip,0.577818,0.299907
biomedclip,0.577818,0.303002
biomedclip,0.577818,0.306161
biomedclip,0.576029,0.308429
biomedclip,0.57424,0.311047
biomedclip,0.570662,0.312439
biomedclip,0.568873,0.314851
biomedclip,0.565295,0.316951
biomedclip,0.55814,0.31643
biomedclip,0.556351,0.318974
biomedclip,0.549195,0.318465
biomedclip,0.542039,0.317943
biomedclip,0.534884,0.31741
biomedclip,0.533095,0.320086
biomedclip,0.527728,0.320652
biomedclip,0.525939,0.323789
biomedclip,0.520572,0.324415
biomedclip,0.516995,0.326185
biomedclip,0.513417,0.328
biomedclip,0.511628,0.331019
biomedclip,0.509839,0.334115
biomedclip,0.504472,0.334917
biomedclip,0.502683,0.338147
biomedclip,0.500894,0.341463
biomedclip,0.497317,0.343634
biomedclip,0.495528,0.347118
biomedclip,0.493739,0.350699
biomedclip,0.488372,0.351804
biomedclip,0.483005,0.352941
biomedclip,0.481216,0.356764
biomedclip,0.479428,0.3607
biomedclip,0.47585,0.363388
biomedclip,0.472272,0.366667
biomedclip,0.465116,0.366714
biomedclip,0.457961,0.367816
biomedclip,0.454383,0.371345
biomedclip,0.449016,0.372957
biomedclip,0.440072,0.371601
biomedclip,0.434705,0.374422
biomedclip,0.427549,0.374608
biomedclip,0.42576,0.379585
biomedclip,0.423971,0.38474
biomedclip,0.420394,0.38843
biomedclip,0.413238,0.388889
biomedclip,0.404293,0.38765
biomedclip,0.402504,0.393357
biomedclip,0.397138,0.396429
biomedclip,0.395349,0.40255
biomedclip,0.391771,0.407063
biomedclip,0.386404,0.409867
biomedclip,0.384615,0.416667
biomedclip,0.381038,0.421782
biomedclip,0.375671,0.425101
biomedclip,0.364937,0.42236
biomedclip,0.359571,0.425847
biomedclip,0.355993,0.43167
biomedclip,0.348837,0.433333
biomedclip,0.347048,0.441913
biomedclip,0.336315,0.439252
biomedclip,0.329159,0.441247
biomedclip,0.320215,0.440887
biomedclip,0.313059,0.443038
biomedclip,0.307692,0.447917
biomedclip,0.302326,0.453083
biomedclip,0.296959,0.458564
biomedclip,0.289803,0.461538
biomedclip,0.282648,0.464706
biomedclip,0.270125,0.458967
biomedclip,0.266547,0.468553
biomedclip,0.26297,0.478827
biomedclip,0.254025,0.47973
biomedclip,0.248658,0.487719
biomedclip,0.241503,0.492701
biomedclip,0.232558,0.494297
biomedclip,0.22898,0.507937
biomedclip,0.221825,0.514523
biomedclip,0.21288,0.517391
biomedclip,0.209302,0.534247
biomedclip,0.203936,0.548077
biomedclip,0.19678,0.558376
biomedclip,0.187835,0.564516
biomedclip,0.175313,0.56
biomedclip,0.166369,0.567073
biomedclip,0.161002,0.588235
biomedclip,0.155635,0.612676
biomedclip,0.146691,0.625954
biomedclip,0.132379,0.616667
biomedclip,0.121646,0.623853
biomedclip,0.11449,0.653061
biomedclip,0.107335,0.689655
biomedclip,0.091234,0.671053
biomedclip,0.078712,0.676923
biomedclip,0.067979,0.703704
biomedclip,0.060823,0.790698
biomedclip,0.048301,0.84375
biomedclip,0.030411,0.809524
biomedclip,0.014311,0.8
torchxrayvision,1.0,0.095084
torchxrayvision,0.998211,0.095092
torchxrayvision,0.998211,0.095271
torchxrayvision,0.998211,0.09545
torchxrayvision,0.998211,0.09563
torchxrayvision,0.998211,0.09581
torchxrayvision,0.994633,0.095648
torchxrayvision,0.994633,0.095829
torchxrayvision,0.994633,0.096011
torchxrayvision,0.994633,0.096194
torchxrayvision,0.994633,0.096377
torchxrayvision,0.994633,0.096561
torchxrayvision,0.994633,0.096746
torchxrayvision,0.992844,0.096757
torchxrayvision,0.991055,0.096769
torchxrayvision,0.991055,0.096955
torchxrayvision,0.991055,0.097142
torchxrayvision,0.991055,0.09733
torchxrayvision,0.991055,0.097518
torchxrayvision,0.991055,0.097707
torchxrayvision,0.991055,0.097897
torchxrayvision,0.991055,0.098088
torchxrayvision,0.991055,0.098279
torchxrayvision,0.991055,0.098471
torchxrayvision,0.991055,0.098664
torchxrayvision,0.991055,0.098858
torchxrayvision,0.991055,0.099052
torchxrayvision,0.991055,0.099248
torchxrayvision,0.991055,0.099444
torchxrayvision,0.989267,0.09946
torchxrayvision,0.989267,0.099658
torchxrayvision,0.989267,0.099856
torchxrayvision,0.987478,0.099873
torchxrayvision,0.987478,0.100073
torchxrayvision,0.987478,0.100272
torchxrayvision,0.987478,0.100473
torchxrayvision,0.987478,0.100675
torchxrayvision,0.987478,0.100877
torchxrayvision,0.987478,0.10108
torchxrayvision,0.987478,0.101284
torchxrayvision,0.987478,0.101489
torchxrayvision,0.987478,0.101695
torchxrayvision,0.987478,0.101901
torchxrayvision,0.987478,0.102109
torchxrayvision,0.987478,0.102317
torchxrayvision,0.987478,0.102526
torchxrayvision,0.987478,0.102736
torchxrayvision,0.987478,0.102947
torchxrayvision,0.987478,0.103158
torchxrayvision,0.987478,0.103371
torchxrayvision,0.987478,0.103584
torchxrayvision,0.987478,0.103798
torchxrayvision,0.987478,0.104014
torchxrayvision,0.985689,0.104041
torchxrayvision,0.985689,0.104257
torchxrayvision,0.9839,0.104285
torchxrayvision,0.9839,0.104503
torchxrayvision,0.9839,0.104722
torchxrayvision,0.9839,0.104942
torchxrayvision,0.9839,0.105163
torchxrayvision,0.9839,0.105384
torchxrayvision,0.9839,0.105607
torchxrayvision,0.9839,0.10583
torchxrayvision,0.9839,0.106055
torchxrayvision,0.982111,0.106087
torchxrayvision,0.982111,0.106313
torchxrayvision,0.982111,0.10654
torchxrayvision,0.982111,0.106768
torchxrayvision,0.982111,0.106997
torchxrayvision,0.982111,0.107227
torchxrayvision,0.982111,0.107457
torchxrayvision,0.982111,0.107689
torchxrayvision,0.982111,0.107922
torchxrayvision,0.982111,0.108156
torchxrayvision,0.982111,0.108391
torchxrayvision,0.980322,0.108429
torchxrayvision,0.980322,0.108665
torchxrayvision,0.980322,0.108903
torchxrayvision,0.980322,0.109142
torchxrayvision,0.980322,0.109381
torchxrayvision,0.980322,0.109622
torchxrayvision,0.980322,0.109864
torchxrayvision,0.980322,0.110106
torchxrayvision,0.980322,0.110373
torchxrayvision,0.980322,0.110618
torchxrayvision,0.980322,0.110864
torchxrayvision,0.980322,0.111111
torchxrayvision,0.980322,0.111359
torchxrayvision,0.980322,0.111609
torchxrayvision,0.980322,0.11186
torchxrayvision,0.980322,0.112111
torchxrayvision,0.980322,0.112364
torchxrayvision,0.978533,0.112413
torchxrayvision,0.978533,0.112667
torchxrayvision,0.978533,0.112923
torchxrayvision,0.978533,0.11318
torchxrayvision,0.978533,0.113438
torchxrayvision,0.978533,0.113698
torchxrayvision,0.978533,0.113982
torchxrayvision,0.976744,0.114035
torchxrayvision,0.976744,0.114298
torchxrayvision,0.976744,0.114561
torchxrayvision,0.976744,0.114826
torchxrayvision,0.976744,0.115093
torchxrayvision,0.976744,0.11536
torchxrayvision,0.976744,0.115653
torchxrayvision,0.974955,0.115711
torchxrayvision,0.974955,0.115982
torchxrayvision,0.974955,0.116254
torchxrayvision,0.974955,0.116528
torchxrayvision,0.974955,0.116802
torchxrayvision,0.974955,0.117078
torchxrayvision,0.974955,0.117356
torchxrayvision,0.974955,0.117634
torchxrayvision,0.974955,0.117914
torchxrayvision,0.974955,0.118221
torchxrayvision,0.971377,0.118069
torchxrayvision,0.971377,0.118352
torchxrayvision,0.971377,0.118637
torchxrayvision,0.971377,0.118922
torchxrayvision,0.971377,0.11921
torchxrayvision,0.971377,0.119498
torchxrayvision,0.969589,0.119568
torchxrayvision,0.969589,0.119858
torchxrayvision,0.969589,0.120151
torchxrayvision,0.969589,0.120444
torchxrayvision,0.969589,0.120766
torchxrayvision,0.969589,0.121063
torchxrayvision,0.969589,0.121361
torchxrayvision,0.969589,0.121661
torchxrayvision,0.969589,0.121962
torchxrayvision,0.969589,0.122265
torchxrayvision,0.969589,0.122569
torchxrayvision,0.969589,0.122902
torchxrayvision,0.969589,0.12321
torchxrayvision,0.969589,0.123519
torchxrayvision,0.969589,0.123829
torchxrayvision,0.969589,0.124141
torchxrayvision,0.9678,0.124225
torchxrayvision,0.9678,0.12454
torchxrayvision,0.9678,0.124856
torchxrayvision,0.9678,0.125174
torchxrayvision,0.9678,0.125493
torchxrayvision,0.9678,0.125814
torchxrayvision,0.966011,0.125903
torchxrayvision,0.966011,0.126227
torchxrayvision,0.966011,0.126553
torchxrayvision,0.964222,0.126645
torchxrayvision,0.964222,0.126973
torchxrayvision,0.964222,0.127303
torchxrayvision,0.964222,0.127634
torchxrayvision,0.962433,0.12773
torchxrayvision,0.962433,0.128065
torchxrayvision,0.962433,0.128401
torchxrayvision,0.962433,0.128739
torchxrayvision,0.962433,0.129079
torchxrayvision,0.962433,0.12942
torchxrayvision,0.962433,0.129764
torchxrayvision,0.962433,0.130109
torchxrayvision,0.962433,0.130456
torchxrayvision,0.962433,0.130805
torchxrayvision,0.962433,0.131156
torchxrayvision,0.962433,0.131508
torchxrayvision,0.960644,0.131618
torchxrayvision,0.960644,0.131973
torchxrayvision,0.960644,0.132331
torchxrayvision,0.960644,0.132691
torchxrayvision,0.960644,0.133053
torchxrayvision,0.960644,0.133416
torchxrayvision,0.958855,0.133533
torchxrayvision,0.957066,0.13365
torchxrayvision,0.957066,0.134018
torchxrayvision,0.957066,0.134388
torchxrayvision,0.957066,0.134761
torchxrayvision,0.955277,0.134883
torchxrayvision,0.955277,0.135258
torchxrayvision,0.955277,0.135636
torchxrayvision,0.953488,0.135762
torchxrayvision,0.951699,0.135888
torchxrayvision,0.951699,0.13627
torchxrayvision,0.949911,0.136399
torchxrayvision,0.948122,0.136528
torchxrayvision,0.948122,0.136916
torchxrayvision,0.946333,0.137047
torchxrayvision,0.946333,0.137438
torchxrayvision,0.946333,0.137832
torchxrayvision,0.946333,0.138228
torchxrayvision,0.946333,0.138627
torchxrayvision,0.946333,0.139028
torchxrayvision,0.946333,0.139431
torchxrayvision,0.944544,0.139572
torchxrayvision,0.944544,0.139979
torchxrayvision,0.944544,0.140388
torchxrayvision,0.944544,0.1408
torchxrayvision,0.944544,0.141214
torchxrayvision,0.942755,0.141363
torchxrayvision,0.940966,0.141512
torchxrayvision,0.940966,0.141932
torchxrayvision,0.940966,0.142355
torchxrayvision,0.940966,0.14278
torchxrayvision,0.939177,0.142935
torchxrayvision,0.939177,0.143364
torchxrayvision,0.937388,0.143522
torchxrayvision,0.937388,0.143956
torchxrayvision,0.937388,0.144432
torchxrayvision,0.935599,0.144595
torchxrayvision,0.935599,0.145036
torchxrayvision,0.93381,0.145242
torchxrayvision,0.93381,0.145688
torchxrayvision,0.932021,0.145857
torchxrayvision,0.932021,0.146307
torchxrayvision,0.932021,0.146761
torchxrayvision,0.932021,0.147217
torchxrayvision,0.930233,0.147392
torchxrayvision,0.928444,0.147569
torchxrayvision,0.928444,0.148032
torchxrayvision,0.928444,0.148498
torchxrayvision,0.928444,0.148967
torchxrayvision,0.928444,0.149439
torchxrayvision,0.926655,0.149624
torchxrayvision,0.926655,0.150101
torchxrayvision,0.924866,0.150334
torchxrayvision,0.924866,0.150817
torchxrayvision,0.923077,0.15101
torchxrayvision,0.923077,0.151497
torchxrayvision,0.921288,0.151694
torchxrayvision,0.921288,0.152187
torchxrayvision,0.919499,0.152432
torchxrayvision,0.91771,0.152679
torchxrayvision,0.91771,0.15318
torchxrayvision,0.91771,0.153685
torchxrayvision,0.91771,0.154193
torchxrayvision,0.91771,0.154704
torchxrayvision,0.91771,0.155219
torchxrayvision,0.91771,0.155832
torchxrayvision,0.91771,0.156355
torchxrayvision,0.91771,0.156881
torchxrayvision,0.91771,0.15741
torchxrayvision,0.91771,0.157943
torchxrayvision,0.915921,0.158171
torchxrayvision,0.915921,0.15871
torchxrayvision,0.915921,0.159253
torchxrayvision,0.915921,0.15985
torchxrayvision,0.914132,0.160088
torchxrayvision,0.914132,0.160641
torchxrayvision,0.910555,0.160568
torchxrayvision,0.908766,0.160861
torchxrayvision,0.906977,0.161106
torchxrayvision,0.906977,0.161671
torchxrayvision,0.906977,0.16224
torchxrayvision,0.906977,0.162865
torchxrayvision,0.906977,0.163443
torchxrayvision,0.905188,0.163701
torchxrayvision,0.905188,0.164286
torchxrayvision,0.905188,0.164875
torchxrayvision,0.905188,0.165468
torchxrayvision,0.905188,0.166065
torchxrayvision,0.905188,0.166667
torchxrayvision,0.905188,0.167273
torchxrayvision,0.905188,0.167883
torchxrayvision,0.903399,0.168165
torchxrayvision,0.903399,0.168783
torchxrayvision,0.899821,0.168735
torchxrayvision,0.899821,0.16936
torchxrayvision,0.899821,0.16999
torchxrayvision,0.899821,0.170624
torchxrayvision,0.899821,0.171263
torchxrayvision,0.899821,0.171907
torchxrayvision,0.898032,0.172213
torchxrayvision,0.896243,0.172521
torchxrayvision,0.894454,0.172831
torchxrayvision,0.892665,0.173144
torchxrayvision,0.892665,0.173807
torchxrayvision,0.892665,0.174476
torchxrayvision,0.890877,0.174798
torchxrayvision,0.890877,0.175476
torchxrayvision,0.889088,0.175805
torchxrayvision,0.889088,0.176491
torchxrayvision,0.889088,0.177184
torchxrayvision,0.889088,0.177881
torchxrayvision,0.889088,0.178584
torchxrayvision,0.887299,0.178997
torchxrayvision,0.887299,0.17971
torchxrayvision,0.88551,0.180065
torchxrayvision,0.88551,0.180789
torchxrayvision,0.883721,0.181151
torchxrayvision,0.883721,0.181885
torchxrayvision,0.881932,0.182322
torchxrayvision,0.881932,0.183067
torchxrayvision,0.881932,0.183818
torchxrayvision,0.878354,0.183826
torchxrayvision,0.878354,0.184586
torchxrayvision,0.878354,0.185353
torchxrayvision,0.878354,0.186126
torchxrayvision,0.876565,0.186525
torchxrayvision,0.876565,0.187309
torchxrayvision,0.876565,0.1881
torchxrayvision,0.876565,0.188897
torchxrayvision,0.876565,0.189702
torchxrayvision,0.874776,0.190124
torchxrayvision,0.874776,0.190941
torchxrayvision,0.872987,0.191373
torchxrayvision,0.872987,0.192202
torchxrayvision,0.86941,0.192247
torchxrayvision,0.86941,0.193164
torchxrayvision,0.86941,0.194012
torchxrayvision,0.86941,0.194868
torchxrayvision,0.86941,0.19581
torchxrayvision,0.867621,0.196277
torchxrayvision,0.865832,0.196748
torchxrayvision,0.865832,0.197632
torchxrayvision,0.865832,0.198523
torchxrayvision,0.864043,0.199011
torchxrayvision,0.864043,0.199917
torchxrayvision,0.864043,0.200832
torchxrayvision,0.864043,0.201839
torchxrayvision,0.860465,0.201931
torchxrayvision,0.856887,0.202024
torchxrayvision,0.856887,0.202966
torchxrayvision,0.855098,0.203491
torchxrayvision,0.855098,0.204448
torchxrayvision,0.855098,0.205415
torchxrayvision,0.851521,0.205527
torchxrayvision,0.851521,0.206597
torchxrayvision,0.851521,0.207588
torchxrayvision,0.851521,0.208589
torchxrayvision,0.849732,0.209251
torchxrayvision,0.849732,0.21027
torchxrayvision,0.847943,0.210948
torchxrayvision,0.847943,0.211986
torchxrayvision,0.846154,0.21268
torchxrayvision,0.846154,0.213737
torchxrayvision,0.846154,0.214805
torchxrayvision,0.844365,0.215427
torchxrayvision,0.842576,0.216154
torchxrayvision,0.840787,0.21679
torchxrayvision,0.838998,0.217432
torchxrayvision,0.838998,0.218546
torchxrayvision,0.838998,0.219672
torchxrayvision,0.838998,0.221018
torchxrayvision,0.837209,0.221696
torchxrayvision,0.83542,0.222381
torchxrayvision,0.83542,0.223552
torchxrayvision,0.83542,0.224735
torchxrayvision,0.833631,0.225557
torchxrayvision,0.833631,0.226764
torchxrayvision,0.833631,0.227984
torchxrayvision,0.833631,0.229331
torchxrayvision,0.831843,0.230084
torchxrayvision,0.831843,0.231343
torchxrayvision,0.831843,0.232616
torchxrayvision,0.830054,0.2334
torchxrayvision,0.830054,0.234699
torchxrayvision,0.828265,0.235504
torchxrayvision,0.828265,0.23695
torchxrayvision,0.828265,0.238291
torchxrayvision,0.826476,0.23913
torchxrayvision,0.824687,0.239979
torchxrayvision,0.824687,0.241361
torchxrayvision,0.824687,0.242759
torchxrayvision,0.822898,0.243644
torchxrayvision,0.821109,0.244539
torchxrayvision,0.821109,0.245981
torchxrayvision,0.821109,0.247439
torchxrayvision,0.81932,0.248373
torchxrayvision,0.817531,0.24959
torchxrayvision,0.812165,0.249451
torchxrayvision,0.812165,0.250967
torchxrayvision,0.810376,0.251947
torchxrayvision,0.808587,0.252938
torchxrayvision,0.808587,0.254505
torchxrayvision,0.806798,0.255524
torchxrayvision,0.805009,0.256556
torchxrayvision,0.805009,0.258176
torchxrayvision,0.80322,0.259388
torchxrayvision,0.801431,0.260617
torchxrayvision,0.799642,0.26171
torchxrayvision,0.799642,0.263406
torchxrayvision,0.796064,0.263938
torchxrayvision,0.796064,0.265672
torchxrayvision,0.794275,0.266987
torchxrayvision,0.792487,0.26816
torchxrayvision,0.788909,0.268739
torchxrayvision,0.78712,0.269939
torchxrayvision,0.78712,0.271941
torchxrayvision,0.785331,0.27335
torchxrayvision,0.783542,0.27478
torchxrayvision,0.781753,0.276058
torchxrayvision,0.781753,0.27799
torchxrayvision,0.779964,0.279308
torchxrayvision,0.779964,0.28129
torchxrayvision,0.778175,0.282835
torchxrayvision,0.776386,0.284217
torchxrayvision,0.774597,0.285997
torchxrayvision,0.772809,0.287425
torchxrayvision,0.772809,0.289544
torchxrayvision,0.772809,0.291892
torchxrayvision,0.77102,0.293397
torchxrayvision,0.769231,0.294925
torchxrayvision,0.769231,0.297167
torchxrayvision,0.767442,0.298747
torchxrayvision,0.767442,0.301053
torchxrayvision,0.762075,0.301486
torchxrayvision,0.758497,0.302425
torchxrayvision,0.754919,0.303379
torchxrayvision,0.751342,0.304348
torchxrayvision,0.749553,0.306063
torchxrayvision,0.747764,0.307806
torchxrayvision,0.745975,0.309577
torchxrayvision,0.744186,0.311377
torchxrayvision,0.740608,0.312453
torchxrayvision,0.73703,0.313546
torchxrayvision,0.73703,0.316193
torchxrayvision,0.735242,0.318111
torchxrayvision,0.735242,0.320843
torchxrayvision,0.735242,0.323622
torchxrayvision,0.735242,0.32645
torchxrayvision,0.731664,0.327724
torchxrayvision,0.729875,0.32983
torchxrayvision,0.726297,0.331158
torchxrayvision,0.726297,0.334156
torchxrayvision,0.724508,0.336379
torchxrayvision,0.722719,0.338642
torchxrayvision,0.722719,0.342083
torchxrayvision,0.722719,0.345299
torchxrayvision,0.719141,0.346851
torchxrayvision,0.715564,0.348432
torchxrayvision,0.713775,0.350923
torchxrayvision,0.713775,0.354352
torchxrayvision,0.710197,0.356054
torchxrayvision,0.706619,0.35779
torchxrayvision,0.70483,0.360806
torchxrayvision,0.70483,0.364477
torchxrayvision,0.699463,0.365421
torchxrayvision,0.699463,0.369915
torchxrayvision,0.695886,0.371893
torchxrayvision,0.694097,0.374879
torchxrayvision,0.68873,0.375977
torchxrayvision,0.685152,0.378085
torchxrayvision,0.685152,0.382617
torchxrayvision,0.681574,0.384848
torchxrayvision,0.679785,0.388151
torchxrayvision,0.676208,0.390496
torchxrayvision,0.674419,0.393939
torchxrayvision,0.67263,0.397463
torchxrayvision,0.670841,0.40107
torchxrayvision,0.669052,0.4052
torchxrayvision,0.661896,0.405702
torchxrayvision,0.658318,0.408435
torchxrayvision,0.654741,0.411236
torchxrayvision,0.654741,0.416382
torchxrayvision,0.652952,0.420507
torchxrayvision,0.649374,0.423571
torchxrayvision,0.644007,0.425532
torchxrayvision,0.63864,0.427545
torchxrayvision,0.635063,0.430825
torchxrayvision,0.627907,0.431734
torchxrayvision,0.626118,0.436409
torchxrayvision,0.624329,0.441214
torchxrayvision,0.624329,0.447436
torchxrayvision,0.618962,0.450521
torchxrayvision,0.618962,0.457067
torchxrayvision,0.617174,0.462466
torchxrayvision,0.615385,0.468027
torchxrayvision,0.611807,0.472376
torchxrayvision,0.610018,0.478933
torchxrayvision,0.602862,0.480742
torchxrayvision,0.601073,0.486957
torchxrayvision,0.599284,0.49483
torchxrayvision,0.593918,0.498498
torchxrayvision,0.588551,0.503058
torchxrayvision,0.576029,0.501558
torchxrayvision,0.570662,0.505547
torchxrayvision,0.568873,0.512903
torchxrayvision,0.568873,0.523026
torchxrayvision,0.561717,0.525963
torchxrayvision,0.552773,0.527304
torchxrayvision,0.549195,0.533913
torchxrayvision,0.542039,0.537234
torchxrayvision,0.536673,0.543478
torchxrayvision,0.531306,0.548983
torchxrayvision,0.520572,0.549057
torchxrayvision,0.513417,0.552987
torchxrayvision,0.50805,0.559055
torchxrayvision,0.504472,0.567404
torchxrayvision,0.500894,0.576132
torchxrayvision,0.493739,0.582278
torchxrayvision,0.488372,0.589633
torchxrayvision,0.477639,0.590708
torchxrayvision,0.477639,0.605442
torchxrayvision,0.468694,0.609302
torchxrayvision,0.463327,0.618138
torchxrayvision,0.452594,0.620098
torchxrayvision,0.445438,0.627204
torchxrayvision,0.438283,0.634715
torchxrayvision,0.434705,0.648
torchxrayvision,0.429338,0.659341
torchxrayvision,0.423971,0.671388
torchxrayvision,0.420394,0.68915
torchxrayvision,0.413238,0.7
torchxrayvision,0.40966,0.717868
torchxrayvision,0.395349,0.717532
torchxrayvision,0.381038,0.717172
torchxrayvision,0.363148,0.70979
torchxrayvision,0.354204,0.72
torchxrayvision,0.338104,0.715909
torchxrayvision,0.322004,0.711462
torchxrayvision,0.313059,0.72314
torchxrayvision,0.304114,0.735931
torchxrayvision,0.298748,0.759091
torchxrayvision,0.282648,0.755981
torchxrayvision,0.270125,0.766497
torchxrayvision,0.259392,0.77957
torchxrayvision,0.245081,0.782857
torchxrayvision,0.232558,0.792683
torchxrayvision,0.218247,0.797386
torchxrayvision,0.203936,0.802817
torchxrayvision,0.193202,0.824427
torchxrayvision,0.18068,0.841667
torchxrayvision,0.173524,0.889908
torchxrayvision,0.157424,0.897959
torchxrayvision,0.144902,0.931034
torchxrayvision,0.127013,0.934211
torchxrayvision,0.109123,0.938462
torchxrayvision,0.089445,0.925926
torchxrayvision,0.071556,0.930233
torchxrayvision,0.053667,0.9375
torchxrayvision,0.035778,0.952381
torchxrayvision,0.017889,1.0
dinov2,1.0,0.095084
dinov2,1.0,0.095262
dinov2,0.998211,0.095271
dinov2,0.998211,0.09545
dinov2,0.998211,0.09563
dinov2,0.998211,0.09581
dinov2,0.998211,0.095992
dinov2,0.996422,0.096001
dinov2,0.994633,0.096011
dinov2,0.994633,0.096194
dinov2,0.994633,0.096377
dinov2,0.994633,0.096561
dinov2,0.994633,0.096746
dinov2,0.994633,0.096932
dinov2,0.994633,0.097118
dinov2,0.991055,0.096955
dinov2,0.991055,0.097142
dinov2,0.991055,0.09733
dinov2,0.991055,0.097518
dinov2,0.987478,0.097354
dinov2,0.985689,0.097367
dinov2,0.985689,0.097574
dinov2,0.985689,0.097764
dinov2,0.9839,0.097778
dinov2,0.9839,0.097969
dinov2,0.9839,0.098162
dinov2,0.9839,0.098355
dinov2,0.9839,0.098549
dinov2,0.9839,0.098761
dinov2,0.9839,0.098956
dinov2,0.9839,0.099153
dinov2,0.9839,0.09935
dinov2,0.9839,0.099548
dinov2,0.9839,0.099746
dinov2,0.9839,0.099945
dinov2,0.982111,0.099964
dinov2,0.980322,0.099982
dinov2,0.980322,0.100183
dinov2,0.980322,0.100385
dinov2,0.980322,0.100587
dinov2,0.980322,0.100791
dinov2,0.980322,0.100995
dinov2,0.978533,0.101016
dinov2,0.978533,0.101221
dinov2,0.976744,0.101242
dinov2,0.976744,0.101449
dinov2,0.973166,0.101285
dinov2,0.973166,0.101493
dinov2,0.973166,0.101701
dinov2,0.973166,0.101911
dinov2,0.973166,0.102121
dinov2,0.973166,0.102333
dinov2,0.973166,0.102545
dinov2,0.973166,0.102758
dinov2,0.973166,0.102972
dinov2,0.973166,0.103187
dinov2,0.973166,0.103402
dinov2,0.973166,0.103619
dinov2,0.973166,0.103837
dinov2,0.973166,0.104055
dinov2,0.973166,0.104274
dinov2,0.971377,0.104303
dinov2,0.969589,0.104331
dinov2,0.969589,0.104552
dinov2,0.969589,0.104775
dinov2,0.969589,0.104998
dinov2,0.969589,0.105222
dinov2,0.969589,0.105447
dinov2,0.9678,0.105479
dinov2,0.9678,0.105705
dinov2,0.9678,0.105933
dinov2,0.966011,0.105965
dinov2,0.966011,0.106195
dinov2,0.966011,0.106425
dinov2,0.964222,0.106459
dinov2,0.964222,0.10669
dinov2,0.960644,0.106526
dinov2,0.960644,0.106781
dinov2,0.960644,0.107015
dinov2,0.960644,0.10725
dinov2,0.958855,0.107286
dinov2,0.957066,0.107322
dinov2,0.957066,0.107559
dinov2,0.955277,0.107596
dinov2,0.955277,0.107835
dinov2,0.953488,0.107873
dinov2,0.953488,0.108114
dinov2,0.953488,0.108355
dinov2,0.953488,0.108598
dinov2,0.953488,0.108842
dinov2,0.951699,0.108883
dinov2,0.951699,0.109128
dinov2,0.951699,0.109397
dinov2,0.951699,0.109646
dinov2,0.951699,0.109895
dinov2,0.951699,0.110145
dinov2,0.951699,0.110396
dinov2,0.951699,0.110649
dinov2,0.951699,0.110903
dinov2,0.951699,0.111158
dinov2,0.951699,0.111414
dinov2,0.951699,0.111671
dinov2,0.951699,0.111929
dinov2,0.951699,0.112189
dinov2,0.951699,0.11245
dinov2,0.951699,0.112712
dinov2,0.949911,0.112763
dinov2,0.949911,0.113027
dinov2,0.949911,0.113292
dinov2,0.948122,0.113345
dinov2,0.946333,0.113398
dinov2,0.946333,0.113666
dinov2,0.944544,0.11372
dinov2,0.944544,0.11399
dinov2,0.944544,0.114261
dinov2,0.942755,0.114317
dinov2,0.940966,0.114373
dinov2,0.937388,0.114211
dinov2,0.937388,0.114485
dinov2,0.937388,0.114761
dinov2,0.937388,0.115038
dinov2,0.937388,0.115317
dinov2,0.937388,0.115597
dinov2,0.937388,0.115878
dinov2,0.935599,0.115939
dinov2,0.932021,0.115804
dinov2,0.932021,0.116087
dinov2,0.932021,0.116373
dinov2,0.932021,0.116685
dinov2,0.932021,0.116974
dinov2,0.932021,0.117263
dinov2,0.930233,0.117329
dinov2,0.930233,0.11762
dinov2,0.930233,0.117914
dinov2,0.928444,0.117981
dinov2,0.928444,0.118277
dinov2,0.928444,0.118574
dinov2,0.928444,0.118873
dinov2,0.928444,0.119173
dinov2,0.928444,0.119475
dinov2,0.928444,0.119806
dinov2,0.926655,0.119907
dinov2,0.924866,0.119981
dinov2,0.924866,0.120289
dinov2,0.924866,0.120597
dinov2,0.924866,0.120907
dinov2,0.924866,0.121219
dinov2,0.924866,0.121533
dinov2,0.924866,0.121848
dinov2,0.923077,0.121928
dinov2,0.921288,0.122009
dinov2,0.921288,0.122328
dinov2,0.921288,0.122648
dinov2,0.921288,0.123
dinov2,0.921288,0.123324
dinov2,0.921288,0.123649
dinov2,0.921288,0.124007
dinov2,0.919499,0.124095
dinov2,0.91771,0.124183
dinov2,0.91771,0.124515
dinov2,0.91771,0.124848
dinov2,0.91771,0.125183
dinov2,0.915921,0.125306
dinov2,0.914132,0.125399
dinov2,0.912343,0.125492
dinov2,0.910555,0.125586
dinov2,0.910555,0.125928
dinov2,0.910555,0.126271
dinov2,0.910555,0.126648
dinov2,0.910555,0.126996
dinov2,0.905188,0.126595
dinov2,0.905188,0.126944
dinov2,0.905188,0.127296
dinov2,0.905188,0.127649
dinov2,0.903399,0.127751
dinov2,0.90161,0.127854
dinov2,0.899821,0.127957
dinov2,0.898032,0.128061
dinov2,0.896243,0.128231
dinov2,0.892665,0.12808
dinov2,0.892665,0.128443
dinov2,0.892665,0.128807
dinov2,0.892665,0.129208
dinov2,0.892665,0.129577
dinov2,0.892665,0.129948
dinov2,0.892665,0.130321
dinov2,0.892665,0.130697
dinov2,0.892665,0.131074
dinov2,0.892665,0.131454
dinov2,0.892665,0.131836
dinov2,0.892665,0.13222
dinov2,0.892665,0.132607
dinov2,0.890877,0.132729
dinov2,0.889088,0.132852
dinov2,0.889088,0.133244
dinov2,0.889088,0.133674
dinov2,0.889088,0.134071
dinov2,0.887299,0.134199
dinov2,0.88551,0.134328
dinov2,0.883721,0.134458
dinov2,0.883721,0.134862
dinov2,0.883721,0.135268
dinov2,0.883721,0.135677
dinov2,0.881932,0.135813
dinov2,0.880143,0.135987
dinov2,0.880143,0.136401
dinov2,0.880143,0.136819
dinov2,0.878354,0.13696
dinov2,0.878354,0.137381
dinov2,0.878354,0.137805
dinov2,0.878354,0.138232
dinov2,0.876565,0.138379
dinov2,0.876565,0.13881
dinov2,0.876565,0.139284
dinov2,0.876565,0.139721
dinov2,0.872987,0.139628
dinov2,0.871199,0.139782
dinov2,0.86941,0.139937
dinov2,0.86941,0.140422
dinov2,0.86941,0.14087
dinov2,0.86941,0.14132
dinov2,0.86941,0.141774
dinov2,0.86941,0.14223
dinov2,0.867621,0.142396
dinov2,0.867621,0.142857
dinov2,0.865832,0.143026
dinov2,0.862254,0.142899
dinov2,0.856887,0.142475
dinov2,0.856887,0.142985
dinov2,0.856887,0.143456
dinov2,0.853309,0.143329
dinov2,0.853309,0.143805
dinov2,0.851521,0.143981
dinov2,0.847943,0.143854
dinov2,0.844365,0.143727
dinov2,0.842576,0.143905
dinov2,0.842576,0.14439
dinov2,0.842576,0.144878
dinov2,0.842576,0.14537
dinov2,0.842576,0.145911
dinov2,0.842576,0.14641
dinov2,0.840787,0.1466
dinov2,0.838998,0.146792
dinov2,0.838998,0.147345
dinov2,0.837209,0.147541
dinov2,0.837209,0.148101
dinov2,0.83542,0.148301
dinov2,0.83542,0.148821
dinov2,0.831843,0.148705
dinov2,0.831843,0.14923
dinov2,0.828265,0.149162
dinov2,0.826476,0.14937
dinov2,0.826476,0.149903
dinov2,0.826476,0.15044
dinov2,0.826476,0.15098
dinov2,0.824687,0.151197
dinov2,0.822898,0.151415
dinov2,0.821109,0.151635
dinov2,0.821109,0.152188
dinov2,0.821109,0.152745
dinov2,0.821109,0.153358
dinov2,0.821109,0.153924
dinov2,0.821109,0.154493
dinov2,0.821109,0.155068
dinov2,0.817531,0.154968
dinov2,0.815742,0.155208
dinov2,0.815742,0.155791
dinov2,0.812165,0.155693
dinov2,0.810376,0.155992
dinov2,0.810376,0.156585
dinov2,0.810376,0.157183
dinov2,0.810376,0.157785
dinov2,0.810376,0.158392
dinov2,0.810376,0.159003
dinov2,0.808587,0.159267
dinov2,0.808587,0.159887
dinov2,0.805009,0.159801
dinov2,0.805009,0.160428
dinov2,0.80322,0.160759
dinov2,0.799642,0.160676
dinov2,0.799642,0.161314
dinov2,0.799642,0.161957
dinov2,0.799642,0.162605
dinov2,0.794275,0.162162
dinov2,0.794275,0.162816
dinov2,0.792487,0.163108
dinov2,0.790698,0.163401
dinov2,0.790698,0.164068
dinov2,0.78712,0.163996
dinov2,0.78712,0.164671
dinov2,0.785331,0.164976
dinov2,0.785331,0.16566
dinov2,0.783542,0.166035
dinov2,0.781753,0.166349
dinov2,0.781753,0.167049
dinov2,0.781753,0.167754
dinov2,0.778175,0.167695
dinov2,0.778175,0.168409
dinov2,0.776386,0.16874
dinov2,0.774597,0.169075
dinov2,0.772809,0.169412
dinov2,0.769231,0.169358
dinov2,0.765653,0.169304
dinov2,0.765653,0.170111
dinov2,0.763864,0.170459
dinov2,0.763864,0.171211
dinov2,0.763864,0.171969
dinov2,0.763864,0.172735
dinov2,0.762075,0.1731
dinov2,0.762075,0.173949
dinov2,0.762075,0.174733
dinov2,0.758497,0.174773
dinov2,0.758497,0.175569
dinov2,0.758497,0.176373
dinov2,0.758497,0.177258
dinov2,0.758497,0.178076
dinov2,0.758497,0.178903
dinov2,0.758497,0.179737
dinov2,0.754919,0.179727
dinov2,0.753131,0.180145
dinov2,0.751342,0.180567
dinov2,0.751342,0.181425
dinov2,0.749553,0.182016
dinov2,0.745975,0.182017
dinov2,0.744186,0.182456
dinov2,0.742397,0.182981
dinov2,0.738819,0.182986
dinov2,0.73703,0.183519
dinov2,0.73703,0.184423
dinov2,0.731664,0.183986
dinov2,0.731664,0.184901
dinov2,0.731664,0.185825
dinov2,0.728086,0.185845
dinov2,0.728086,0.186783
dinov2,0.726297,0.187269
dinov2,0.724508,0.187761
dinov2,0.724508,0.188723
dinov2,0.722719,0.189227
dinov2,0.72093,0.189736
dinov2,0.719141,0.190341
dinov2,0.719141,0.191337
dinov2,0.717352,0.191866
dinov2,0.717352,0.192881
dinov2,0.717352,0.193907
dinov2,0.715564,0.194458
dinov2,0.710197,0.194037
dinov2,0.708408,0.194595
dinov2,0.70483,0.194664
dinov2,0.703041,0.195231
dinov2,0.703041,0.196402
dinov2,0.701252,0.197084
dinov2,0.701252,0.19828
dinov2,0.699463,0.198881
dinov2,0.695886,0.198977
dinov2,0.695886,0.200103
dinov2,0.694097,0.200724
dinov2,0.692308,0.201353
dinov2,0.692308,0.202618
dinov2,0.692308,0.203791
dinov2,0.690519,0.204449
dinov2,0.68873,0.205115
dinov2,0.683363,0.204716
dinov2,0.683363,0.206041
dinov2,0.679785,0.206186
dinov2,0.679785,0.207424
dinov2,0.677996,0.208127
dinov2,0.676208,0.208955
dinov2,0.674419,0.209677
dinov2,0.670841,0.209849
dinov2,0.669052,0.210586
dinov2,0.669052,0.211898
dinov2,0.665474,0.212087
dinov2,0.663685,0.212851
dinov2,0.660107,0.213048
dinov2,0.652952,0.212086
dinov2,0.649374,0.212281
dinov2,0.649374,0.213655
dinov2,0.645796,0.213863
dinov2,0.642218,0.214073
dinov2,0.63864,0.214286
dinov2,0.636852,0.215106
dinov2,0.629696,0.214242
dinov2,0.626118,0.214461
dinov2,0.62254,0.214682
dinov2,0.620751,0.215528
dinov2,0.618962,0.216385
dinov2,0.618962,0.217884
dinov2,0.617174,0.21877
dinov2,0.608229,0.217114
dinov2,0.608229,0.21865
dinov2,0.60644,0.21956
dinov2,0.599284,0.218668
dinov2,0.599284,0.22054
dinov2,0.597496,0.221485
dinov2,0.595707,0.222445
dinov2,0.593918,0.223569
dinov2,0.593918,0.225237
dinov2,0.592129,0.226247
dinov2,0.586762,0.225895
dinov2,0.583184,0.226232
dinov2,0.579606,0.226573
dinov2,0.577818,0.227625
dinov2,0.576029,0.228693
dinov2,0.576029,0.230494
dinov2,0.576029,0.232323
dinov2,0.57424,0.233455
dinov2,0.568873,0.233138
dinov2,0.568873,0.235033
dinov2,0.568873,0.237136
dinov2,0.568873,0.239278
dinov2,0.563506,0.238998
dinov2,0.561717,0.240245
dinov2,0.556351,0.240154
dinov2,0.554562,0.241433
dinov2,0.552773,0.242734
dinov2,0.549195,0.243458
dinov2,0.543828,0.2432
dinov2,0.538462,0.242938
dinov2,0.529517,0.241042
dinov2,0.52415,0.241152
dinov2,0.522361,0.242727
dinov2,0.520572,0.244128
dinov2,0.518784,0.245555
dinov2,0.516995,0.247009
dinov2,0.516995,0.249353
dinov2,0.513417,0.25
dinov2,0.506261,0.248901
dinov2,0.504472,0.250444
dinov2,0.500894,0.251121
dinov2,0.495528,0.251133
dinov2,0.493739,0.252747
dinov2,0.49195,0.254394
dinov2,0.488372,0.25514
dinov2,0.481216,0.254253
dinov2,0.477639,0.255014
dinov2,0.47585,0.256757
dinov2,0.472272,0.257561
dinov2,0.465116,0.256663
dinov2,0.461538,0.257485
dinov2,0.452594,0.255556
dinov2,0.449016,0.256384
dinov2,0.445438,0.257231
dinov2,0.440072,0.257592
dinov2,0.438283,0.259809
dinov2,0.436494,0.261803
dinov2,0.431127,0.261672
dinov2,0.429338,0.264026
dinov2,0.42576,0.265033
dinov2,0.420394,0.264938
dinov2,0.415027,0.26484
dinov2,0.411449,0.265896
dinov2,0.406082,0.265808
dinov2,0.402504,0.267221
dinov2,0.398927,0.268675
dinov2,0.395349,0.269841
dinov2,0.39356,0.272277
dinov2,0.388193,0.272271
dinov2,0.384615,0.273537
dinov2,0.382826,0.276129
dinov2,0.381038,0.279161
dinov2,0.375671,0.279627
dinov2,0.373882,0.282432
dinov2,0.368515,0.282579
dinov2,0.363148,0.28273
dinov2,0.357782,0.282885
dinov2,0.357782,0.287356
dinov2,0.357782,0.291971
dinov2,0.352415,0.292285
dinov2,0.350626,0.296073
dinov2,0.347048,0.298003
dinov2,0.341682,0.298438
dinov2,0.338104,0.300477
dinov2,0.332737,0.300971
dinov2,0.329159,0.30363
dinov2,0.32737,0.307563
dinov2,0.320215,0.307033
dinov2,0.31127,0.304196
dinov2,0.307692,0.306595
dinov2,0.305903,0.310909
dinov2,0.296959,0.307978
dinov2,0.29517,0.313093
dinov2,0.293381,0.318447
dinov2,0.286225,0.31746
dinov2,0.286225,0.324544
dinov2,0.282648,0.328482
dinov2,0.27907,0.331915
dinov2,0.271914,0.331155
dinov2,0.268336,0.334821
dinov2,0.26297,0.336384
dinov2,0.257603,0.338028
dinov2,0.250447,0.337349
dinov2,0.245081,0.339109
dinov2,0.239714,0.340967
dinov2,0.234347,0.342932
dinov2,0.227191,0.343243
dinov2,0.214669,0.334262
dinov2,0.21288,0.341954
dinov2,0.207513,0.344214
dinov2,0.205725,0.352761
dinov2,0.203936,0.361905
dinov2,0.198569,0.365132
dinov2,0.189624,0.361775
dinov2,0.182469,0.362989
dinov2,0.182469,0.377778
dinov2,0.177102,0.382239
dinov2,0.173524,0.392713
dinov2,0.166369,0.395745
dinov2,0.161002,0.401786
dinov2,0.153846,0.403756
dinov2,0.144902,0.40099
dinov2,0.141324,0.413613
dinov2,0.134168,0.416667
dinov2,0.13059,0.431953
dinov2,0.125224,0.443038
dinov2,0.118068,0.44898
dinov2,0.109123,0.448529
dinov2,0.103757,0.464
dinov2,0.093023,0.460177
dinov2,0.080501,0.441176
dinov2,0.076923,0.472527
dinov2,0.069767,0.4875
dinov2,0.060823,0.492754
dinov2,0.051878,0.5
dinov2,0.044723,0.531915
dinov2,0.033989,0.527778
dinov2,0.021467,0.48
dinov2,0.012522,0.5
dinov2,0.001789,0.333333
