embedding,fpr,tpr
rad_dino,0.0,0.0
rad_dino,0.0,0.001789
rad_dino,0.0,0.025045
rad_dino,0.000188,0.025045
rad_dino,0.000188,0.026834
rad_dino,0.000376,0.026834
rad_dino,0.000376,0.039356
rad_dino,0.000564,0.039356
rad_dino,0.000564,0.110912
rad_dino,0.000752,0.110912
rad_dino,0.000752,0.116279
rad_dino,0.00094,0.116279
rad_dino,0.00094,0.118068
rad_dino,0.001316,0.118068
rad_dino,0.001316,0.139535
rad_dino,0.001692,0.139535
rad_dino,0.001692,0.143113
rad_dino,0.00188,0.143113
rad_dino,0.00188,0.144902
rad_dino,0.002068,0.144902
rad_dino,0.002068,0.146691
rad_dino,0.002256,0.146691
rad_dino,0.002256,0.161002
rad_dino,0.002444,0.161002
rad_dino,0.002444,0.175313
rad_dino,0.002632,0.175313
rad_dino,0.002632,0.178891
rad_dino,0.00282,0.178891
rad_dino,0.00282,0.184258
rad_dino,0.003008,0.184258
rad_dino,0.003008,0.187835
rad_dino,0.003195,0.187835
rad_dino,0.003195,0.191413
rad_dino,0.003383,0.191413
rad_dino,0.003383,0.218247
rad_dino,0.003571,0.218247
rad_dino,0.003571,0.22898
rad_dino,0.003759,0.22898
rad_dino,0.003759,0.230769
rad_dino,0.003947,0.230769
rad_dino,0.003947,0.252236
rad_dino,0.004135,0.252236
rad_dino,0.004135,0.259392
rad_dino,0.004887,0.259392
rad_dino,0.004887,0.261181
rad_dino,0.005263,0.261181
rad_dino,0.005263,0.266547
rad_dino,0.005451,0.266547
rad_dino,0.005451,0.268336
rad_dino,0.005639,0.268336
rad_dino,0.005639,0.275492
rad_dino,0.006391,0.275492
rad_dino,0.006391,0.277281
rad_dino,0.006767,0.277281
rad_dino,0.006767,0.286225
rad_dino,0.006955,0.286225
rad_dino,0.006955,0.288014
rad_dino,0.007331,0.288014
rad_dino,0.007331,0.289803
rad_dino,0.007519,0.289803
rad_dino,0.007519,0.291592
rad_dino,0.007707,0.291592
rad_dino,0.007707,0.300537
rad_dino,0.008083,0.300537
rad_dino,0.008083,0.302326
rad_dino,0.008271,0.302326
rad_dino,0.008271,0.305903
rad_dino,0.008459,0.305903
rad_dino,0.008459,0.307692
rad_dino,0.008647,0.307692
rad_dino,0.008647,0.309481
rad_dino,0.008835,0.309481
rad_dino,0.008835,0.31127
rad_dino,0.009023,0.31127
rad_dino,0.009023,0.314848
rad_dino,0.009211,0.314848
rad_dino,0.009211,0.322004
rad_dino,0.009398,0.322004
rad_dino,0.009398,0.323792
rad_dino,0.009586,0.323792
rad_dino,0.009586,0.329159
rad_dino,0.009774,0.329159
rad_dino,0.009774,0.347048
rad_dino,0.009962,0.347048
rad_dino,0.009962,0.348837
rad_dino,0.01015,0.348837
rad_dino,0.01015,0.350626
rad_dino,0.010338,0.350626
rad_dino,0.010338,0.352415
rad_dino,0.010526,0.352415
rad_dino,0.010526,0.364937
rad_dino,0.010714,0.364937
rad_dino,0.010714,0.370304
rad_dino,0.010902,0.370304
rad_dino,0.010902,0.37746
rad_dino,0.01109,0.37746
rad_dino,0.01109,0.384615
rad_dino,0.011278,0.384615
rad_dino,0.011278,0.386404
rad_dino,0.011654,0.386404
rad_dino,0.011654,0.395349
rad_dino,0.01203,0.395349
rad_dino,0.01203,0.397138
rad_dino,0.012406,0.397138
rad_dino,0.012406,0.400716
rad_dino,0.01297,0.400716
rad_dino,0.01297,0.402504
rad_dino,0.013158,0.402504
rad_dino,0.013158,0.407871
rad_dino,0.013346,0.407871
rad_dino,0.013346,0.411449
rad_dino,0.013534,0.411449
rad_dino,0.013534,0.416816
rad_dino,0.013722,0.416816
rad_dino,0.013722,0.418605
rad_dino,0.01391,0.418605
rad_dino,0.01391,0.42576
rad_dino,0.014098,0.42576
rad_dino,0.014098,0.432916
rad_dino,0.014474,0.432916
rad_dino,0.014474,0.436494
rad_dino,0.01485,0.436494
rad_dino,0.01485,0.438283
rad_dino,0.015414,0.438283
rad_dino,0.015414,0.440072
rad_dino,0.015789,0.440072
rad_dino,0.015789,0.443649
rad_dino,0.016165,0.443649
rad_dino,0.016165,0.445438
rad_dino,0.016729,0.445438
rad_dino,0.016729,0.447227
rad_dino,0.016917,0.447227
rad_dino,0.016917,0.450805
rad_dino,0.017105,0.450805
rad_dino,0.017105,0.452594
rad_dino,0.017481,0.452594
rad_dino,0.017481,0.457961
rad_dino,0.017857,0.457961
rad_dino,0.017857,0.45975
rad_dino,0.018233,0.45975
rad_dino,0.018233,0.465116
rad_dino,0.018797,0.465116
rad_dino,0.018797,0.468694
rad_dino,0.019737,0.468694
rad_dino,0.019737,0.470483
rad_dino,0.020113,0.470483
rad_dino,0.020301,0.470483
rad_dino,0.020301,0.477639
rad_dino,0.020677,0.477639
rad_dino,0.020677,0.479428
rad_dino,0.021053,0.479428
rad_dino,0.021053,0.486583
rad_dino,0.021429,0.486583
rad_dino,0.021429,0.49195
rad_dino,0.021617,0.49195
rad_dino,0.021617,0.497317
rad_dino,0.021805,0.497317
rad_dino,0.021805,0.499106
rad_dino,0.021992,0.499106
rad_dino,0.021992,0.500894
rad_dino,0.022556,0.500894
rad_dino,0.022556,0.504472
rad_dino,0.022744,0.504472
rad_dino,0.022744,0.50805
rad_dino,0.022932,0.50805
rad_dino,0.022932,0.509839
rad_dino,0.023308,0.509839
rad_dino,0.023308,0.513417
rad_dino,0.023496,0.513417
rad_dino,0.023496,0.516995
rad_dino,0.02406,0.516995
rad_dino,0.02406,0.518784
rad_dino,0.024624,0.518784
rad_dino,0.024624,0.52415
rad_dino,0.025376,0.52415
rad_dino,0.025376,0.525939
rad_dino,0.025752,0.525939
rad_dino,0.025752,0.531306
rad_dino,0.02594,0.531306
rad_dino,0.02594,0.533095
rad_dino,0.026316,0.533095
rad_dino,0.026316,0.534884
rad_dino,0.026504,0.534884
rad_dino,0.02688,0.534884
rad_dino,0.02688,0.538462
rad_dino,0.027068,0.538462
rad_dino,0.027068,0.54025
rad_dino,0.027256,0.54025
rad_dino,0.027256,0.543828
rad_dino,0.027444,0.543828
rad_dino,0.027444,0.547406
rad_dino,0.02782,0.547406
rad_dino,0.02782,0.549195
rad_dino,0.028195,0.549195
rad_dino,0.028195,0.550984
rad_dino,0.028571,0.550984
rad_dino,0.028571,0.554562
rad_dino,0.028759,0.554562
rad_dino,0.028759,0.556351
rad_dino,0.029323,0.556351
rad_dino,0.029323,0.55814
rad_dino,0.029511,0.55814
rad_dino,0.029511,0.559928
rad_dino,0.030075,0.559928
rad_dino,0.030075,0.563506
rad_dino,0.030263,0.563506
rad_dino,0.030263,0.568873
rad_dino,0.030451,0.568873
rad_dino,0.030451,0.572451
rad_dino,0.030639,0.572451
rad_dino,0.030639,0.576029
rad_dino,0.030827,0.576029
rad_dino,0.030827,0.579606
rad_dino,0.031015,0.579606
rad_dino,0.031015,0.584973
rad_dino,0.031391,0.584973
rad_dino,0.031391,0.586762
rad_dino,0.031767,0.586762
rad_dino,0.031767,0.59034
rad_dino,0.031955,0.59034
rad_dino,0.031955,0.592129
rad_dino,0.032519,0.592129
rad_dino,0.032519,0.593918
rad_dino,0.032707,0.593918
rad_dino,0.032707,0.595707
rad_dino,0.032895,0.595707
rad_dino,0.032895,0.597496
rad_dino,0.033459,0.597496
rad_dino,0.033459,0.599284
rad_dino,0.033647,0.599284
rad_dino,0.033647,0.601073
rad_dino,0.034211,0.601073
rad_dino,0.034211,0.602862
rad_dino,0.034586,0.602862
rad_dino,0.034586,0.604651
rad_dino,0.03515,0.604651
rad_dino,0.03515,0.60644
rad_dino,0.035526,0.60644
rad_dino,0.035526,0.608229
rad_dino,0.035714,0.608229
rad_dino,0.035714,0.610018
rad_dino,0.03703,0.610018
rad_dino,0.03703,0.611807
rad_dino,0.037594,0.611807
rad_dino,0.037594,0.613596
rad_dino,0.038346,0.613596
rad_dino,0.038346,0.615385
rad_dino,0.039098,0.615385
rad_dino,0.039098,0.617174
rad_dino,0.039662,0.617174
rad_dino,0.039662,0.620751
rad_dino,0.03985,0.620751
rad_dino,0.03985,0.62254
rad_dino,0.040226,0.62254
rad_dino,0.040226,0.624329
rad_dino,0.040789,0.624329
rad_dino,0.040789,0.626118
rad_dino,0.041541,0.626118
rad_dino,0.041541,0.627907
rad_dino,0.041729,0.627907
rad_dino,0.041729,0.631485
rad_dino,0.042105,0.631485
rad_dino,0.042105,0.633274
rad_dino,0.042481,0.633274
rad_dino,0.042481,0.63864
rad_dino,0.042669,0.63864
rad_dino,0.042669,0.644007
rad_dino,0.043045,0.644007
rad_dino,0.043045,0.645796
rad_dino,0.043421,0.645796
rad_dino,0.043421,0.649374
rad_dino,0.044361,0.649374
rad_dino,0.044361,0.651163
rad_dino,0.044925,0.651163
rad_dino,0.044925,0.652952
rad_dino,0.045301,0.652952
rad_dino,0.045301,0.654741
rad_dino,0.046617,0.654741
rad_dino,0.046617,0.65653
rad_dino,0.047368,0.65653
rad_dino,0.047368,0.658318
rad_dino,0.047932,0.658318
rad_dino,0.047932,0.660107
rad_dino,0.04812,0.660107
rad_dino,0.04812,0.661896
rad_dino,0.048308,0.661896
rad_dino,0.048308,0.663685
rad_dino,0.048496,0.663685
rad_dino,0.048872,0.663685
rad_dino,0.04906,0.663685
rad_dino,0.04906,0.665474
rad_dino,0.049624,0.665474
rad_dino,0.049624,0.667263
rad_dino,0.05094,0.667263
rad_dino,0.05094,0.67263
rad_dino,0.051128,0.67263
rad_dino,0.051128,0.676208
rad_dino,0.051504,0.676208
rad_dino,0.051504,0.681574
rad_dino,0.053759,0.681574
rad_dino,0.053759,0.683363
rad_dino,0.054699,0.683363
rad_dino,0.054699,0.685152
rad_dino,0.055075,0.685152
rad_dino,0.055075,0.686941
rad_dino,0.055639,0.686941
rad_dino,0.055639,0.68873
rad_dino,0.056015,0.68873
rad_dino,0.056015,0.690519
rad_dino,0.056391,0.690519
rad_dino,0.056391,0.692308
rad_dino,0.056579,0.692308
rad_dino,0.056579,0.694097
rad_dino,0.056767,0.694097
rad_dino,0.056767,0.695886
rad_dino,0.057519,0.695886
rad_dino,0.057519,0.697674
rad_dino,0.057707,0.697674
rad_dino,0.057707,0.699463
rad_dino,0.058459,0.699463
rad_dino,0.058459,0.703041
rad_dino,0.059398,0.703041
rad_dino,0.059398,0.70483
rad_dino,0.059962,0.70483
rad_dino,0.059962,0.706619
rad_dino,0.060714,0.706619
rad_dino,0.06109,0.706619
rad_dino,0.061466,0.706619
rad_dino,0.061466,0.708408
rad_dino,0.062406,0.708408
rad_dino,0.062406,0.710197
rad_dino,0.06297,0.710197
rad_dino,0.06297,0.711986
rad_dino,0.063346,0.711986
rad_dino,0.064662,0.711986
rad_dino,0.064662,0.713775
rad_dino,0.067481,0.713775
rad_dino,0.067481,0.715564
rad_dino,0.068609,0.715564
rad_dino,0.068609,0.717352
rad_dino,0.069549,0.717352
rad_dino,0.069549,0.719141
rad_dino,0.069925,0.719141
rad_dino,0.069925,0.72093
rad_dino,0.070677,0.72093
rad_dino,0.070677,0.724508
rad_dino,0.072368,0.724508
rad_dino,0.072368,0.726297
rad_dino,0.072744,0.726297
rad_dino,0.07312,0.726297
rad_dino,0.075,0.726297
rad_dino,0.075,0.731664
rad_dino,0.075376,0.731664
rad_dino,0.078008,0.731664
rad_dino,0.078008,0.733453
rad_dino,0.079323,0.733453
rad_dino,0.079323,0.73703
rad_dino,0.079511,0.73703
rad_dino,0.079511,0.740608
rad_dino,0.079887,0.740608
rad_dino,0.079887,0.742397
rad_dino,0.081767,0.742397
rad_dino,0.081767,0.744186
rad_dino,0.082707,0.744186
rad_dino,0.082707,0.747764
rad_dino,0.083271,0.747764
rad_dino,0.083271,0.749553
rad_dino,0.083647,0.749553
rad_dino,0.084023,0.749553
rad_dino,0.084774,0.749553
rad_dino,0.084774,0.751342
rad_dino,0.084962,0.751342
rad_dino,0.084962,0.753131
rad_dino,0.085902,0.753131
rad_dino,0.085902,0.754919
rad_dino,0.087406,0.754919
rad_dino,0.087406,0.756708
rad_dino,0.087782,0.756708
rad_dino,0.087782,0.760286
rad_dino,0.08797,0.760286
rad_dino,0.08797,0.762075
rad_dino,0.089286,0.762075
rad_dino,0.089286,0.763864
rad_dino,0.089474,0.763864
rad_dino,0.089474,0.767442
rad_dino,0.090414,0.767442
rad_dino,0.090414,0.77102
rad_dino,0.093233,0.77102
rad_dino,0.093233,0.772809
rad_dino,0.093421,0.772809
rad_dino,0.093421,0.774597
rad_dino,0.099812,0.774597
rad_dino,0.099812,0.776386
rad_dino,0.100376,0.776386
rad_dino,0.100376,0.778175
rad_dino,0.100752,0.778175
rad_dino,0.100752,0.779964
rad_dino,0.101504,0.779964
rad_dino,0.101504,0.781753
rad_dino,0.103008,0.781753
rad_dino,0.103383,0.781753
rad_dino,0.104323,0.781753
rad_dino,0.104699,0.781753
rad_dino,0.107707,0.781753
rad_dino,0.107707,0.783542
rad_dino,0.108459,0.783542
rad_dino,0.108459,0.785331
rad_dino,0.11015,0.785331
rad_dino,0.110526,0.785331
rad_dino,0.111842,0.785331
rad_dino,0.111842,0.78712
rad_dino,0.113158,0.78712
rad_dino,0.113534,0.78712
rad_dino,0.114474,0.78712
rad_dino,0.114474,0.788909
rad_dino,0.11485,0.788909
rad_dino,0.115226,0.788909
rad_dino,0.115414,0.788909
rad_dino,0.115789,0.788909
rad_dino,0.115977,0.788909
rad_dino,0.115977,0.790698
rad_dino,0.117293,0.790698
rad_dino,0.117293,0.792487
rad_dino,0.117857,0.792487
rad_dino,0.118233,0.792487
rad_dino,0.118421,0.792487
rad_dino,0.118421,0.794275
rad_dino,0.118609,0.794275
rad_dino,0.118609,0.796064
rad_dino,0.119925,0.796064
rad_dino,0.119925,0.797853
rad_dino,0.120865,0.797853
rad_dino,0.120865,0.799642
rad_dino,0.123684,0.799642
rad_dino,0.123684,0.801431
rad_dino,0.126128,0.801431
rad_dino,0.126128,0.80322
rad_dino,0.126316,0.80322
rad_dino,0.126316,0.805009
rad_dino,0.132519,0.805009
rad_dino,0.132519,0.806798
rad_dino,0.133271,0.806798
rad_dino,0.133271,0.808587
rad_dino,0.133835,0.808587
rad_dino,0.133835,0.810376
rad_dino,0.134586,0.810376
rad_dino,0.134586,0.812165
rad_dino,0.138158,0.812165
rad_dino,0.138158,0.813953
rad_dino,0.138346,0.813953
rad_dino,0.138722,0.813953
rad_dino,0.139286,0.813953
rad_dino,0.139286,0.815742
rad_dino,0.140977,0.815742
rad_dino,0.140977,0.81932
rad_dino,0.142669,0.81932
rad_dino,0.142669,0.821109
rad_dino,0.143609,0.821109
rad_dino,0.143609,0.822898
rad_dino,0.144737,0.822898
rad_dino,0.144737,0.824687
rad_dino,0.145489,0.824687
rad_dino,0.145489,0.828265
rad_dino,0.149248,0.828265
rad_dino,0.149248,0.830054
rad_dino,0.149812,0.830054
rad_dino,0.149812,0.831843
rad_dino,0.150376,0.831843
rad_dino,0.150376,0.833631
rad_dino,0.153759,0.833631
rad_dino,0.153759,0.83542
rad_dino,0.16109,0.83542
rad_dino,0.161466,0.83542
rad_dino,0.162782,0.83542
rad_dino,0.163158,0.83542
rad_dino,0.163346,0.83542
rad_dino,0.163346,0.837209
rad_dino,0.165602,0.837209
rad_dino,0.165602,0.838998
rad_dino,0.169549,0.838998
rad_dino,0.169549,0.840787
rad_dino,0.170677,0.840787
rad_dino,0.170677,0.842576
rad_dino,0.177256,0.842576
rad_dino,0.177256,0.844365
rad_dino,0.177632,0.844365
rad_dino,0.177632,0.846154
rad_dino,0.178008,0.846154
rad_dino,0.178008,0.847943
rad_dino,0.179135,0.847943
rad_dino,0.179135,0.849732
rad_dino,0.179511,0.849732
rad_dino,0.179511,0.851521
rad_dino,0.181015,0.851521
rad_dino,0.181015,0.853309
rad_dino,0.183459,0.853309
rad_dino,0.183459,0.855098
rad_dino,0.185714,0.855098
rad_dino,0.185714,0.856887
rad_dino,0.18797,0.856887
rad_dino,0.18797,0.858676
rad_dino,0.188158,0.858676
rad_dino,0.188158,0.860465
rad_dino,0.18891,0.860465
rad_dino,0.18891,0.862254
rad_dino,0.191541,0.862254
rad_dino,0.191917,0.862254
rad_dino,0.194925,0.862254
rad_dino,0.194925,0.864043
rad_dino,0.195865,0.864043
rad_dino,0.195865,0.865832
rad_dino,0.200188,0.865832
rad_dino,0.200188,0.867621
rad_dino,0.201316,0.867621
rad_dino,0.201316,0.86941
rad_dino,0.201504,0.86941
rad_dino,0.201504,0.871199
rad_dino,0.202632,0.871199
rad_dino,0.203008,0.871199
rad_dino,0.204135,0.871199
rad_dino,0.204135,0.872987
rad_dino,0.208271,0.872987
rad_dino,0.208271,0.874776
rad_dino,0.210338,0.874776
rad_dino,0.210338,0.876565
rad_dino,0.222932,0.876565
rad_dino,0.222932,0.878354
rad_dino,0.225188,0.878354
rad_dino,0.225564,0.878354
rad_dino,0.229511,0.878354
rad_dino,0.229511,0.881932
rad_dino,0.231955,0.881932
rad_dino,0.231955,0.883721
rad_dino,0.232143,0.883721
rad_dino,0.232143,0.88551
rad_dino,0.232519,0.88551
rad_dino,0.232519,0.887299
rad_dino,0.232895,0.887299
rad_dino,0.233835,0.887299
rad_dino,0.233835,0.889088
rad_dino,0.23703,0.889088
rad_dino,0.237406,0.889088
rad_dino,0.240602,0.889088
rad_dino,0.240602,0.890877
rad_dino,0.241353,0.890877
rad_dino,0.241353,0.892665
rad_dino,0.246805,0.892665
rad_dino,0.246805,0.894454
rad_dino,0.247368,0.894454
rad_dino,0.247744,0.894454
rad_dino,0.247932,0.894454
rad_dino,0.248308,0.894454
rad_dino,0.254323,0.894454
rad_dino,0.254699,0.894454
rad_dino,0.268045,0.894454
rad_dino,0.268045,0.896243
rad_dino,0.268797,0.896243
rad_dino,0.268797,0.898032
rad_dino,0.270301,0.898032
rad_dino,0.270677,0.898032
rad_dino,0.270865,0.898032
rad_dino,0.271241,0.898032
rad_dino,0.271617,0.898032
rad_dino,0.271617,0.899821
rad_dino,0.275,0.899821
rad_dino,0.275376,0.899821
rad_dino,0.279135,0.899821
rad_dino,0.279135,0.90161
rad_dino,0.284962,0.90161
rad_dino,0.284962,0.903399
rad_dino,0.285902,0.903399
rad_dino,0.285902,0.905188
rad_dino,0.289286,0.905188
rad_dino,0.289286,0.906977
rad_dino,0.293609,0.906977
rad_dino,0.293609,0.908766
rad_dino,0.296805,0.908766
rad_dino,0.296805,0.910555
rad_dino,0.299436,0.910555
rad_dino,0.299812,0.910555
rad_dino,0.306203,0.910555
rad_dino,0.306579,0.910555
rad_dino,0.307895,0.910555
rad_dino,0.307895,0.912343
rad_dino,0.321429,0.912343
rad_dino,0.321429,0.914132
rad_dino,0.324624,0.914132
rad_dino,0.324624,0.915921
rad_dino,0.325188,0.915921
rad_dino,0.325188,0.91771
rad_dino,0.331767,0.91771
rad_dino,0.331767,0.919499
rad_dino,0.332895,0.919499
rad_dino,0.332895,0.921288
rad_dino,0.336466,0.921288
rad_dino,0.336466,0.923077
rad_dino,0.337594,0.923077
rad_dino,0.33797,0.923077
rad_dino,0.339286,0.923077
rad_dino,0.339286,0.924866
rad_dino,0.342105,0.924866
rad_dino,0.342481,0.924866
rad_dino,0.346617,0.924866
rad_dino,0.346617,0.926655
rad_dino,0.348308,0.926655
rad_dino,0.348684,0.926655
rad_dino,0.355451,0.926655
rad_dino,0.355451,0.928444
rad_dino,0.359586,0.928444
rad_dino,0.359586,0.930233
rad_dino,0.36485,0.930233
rad_dino,0.36485,0.932021
rad_dino,0.373872,0.932021
rad_dino,0.373872,0.93381
rad_dino,0.380639,0.93381
rad_dino,0.381015,0.93381
rad_dino,0.383459,0.93381
rad_dino,0.383459,0.935599
rad_dino,0.395865,0.935599
rad_dino,0.395865,0.937388
rad_dino,0.39718,0.937388
rad_dino,0.397556,0.937388
rad_dino,0.400564,0.937388
rad_dino,0.400564,0.939177
rad_dino,0.404511,0.939177
rad_dino,0.404511,0.940966
rad_dino,0.41109,0.940966
rad_dino,0.411466,0.940966
rad_dino,0.411654,0.940966
rad_dino,0.41203,0.940966
rad_dino,0.416353,0.940966
rad_dino,0.416729,0.940966
rad_dino,0.420113,0.940966
rad_dino,0.420113,0.942755
rad_dino,0.422932,0.942755
rad_dino,0.422932,0.944544
rad_dino,0.423872,0.944544
rad_dino,0.423872,0.946333
rad_dino,0.428008,0.946333
rad_dino,0.428383,0.946333
rad_dino,0.43515,0.946333
rad_dino,0.43515,0.949911
rad_dino,0.438534,0.949911
rad_dino,0.438534,0.951699
rad_dino,0.440414,0.951699
rad_dino,0.440414,0.953488
rad_dino,0.443421,0.953488
rad_dino,0.443421,0.955277
rad_dino,0.445301,0.955277
rad_dino,0.445677,0.955277
rad_dino,0.446429,0.955277
rad_dino,0.446429,0.957066
rad_dino,0.459774,0.957066
rad_dino,0.459774,0.958855
rad_dino,0.474624,0.958855
rad_dino,0.474624,0.960644
rad_dino,0.478947,0.960644
rad_dino,0.478947,0.962433
rad_dino,0.481579,0.962433
rad_dino,0.481579,0.964222
rad_dino,0.492293,0.964222
rad_dino,0.492293,0.966011
rad_dino,0.494925,0.966011
rad_dino,0.494925,0.9678
rad_dino,0.496617,0.9678
rad_dino,0.496617,0.969589
rad_dino,0.497368,0.969589
rad_dino,0.497744,0.969589
rad_dino,0.508647,0.969589
rad_dino,0.508647,0.971377
rad_dino,0.510902,0.971377
rad_dino,0.510902,0.973166
rad_dino,0.51297,0.973166
rad_dino,0.51297,0.974955
rad_dino,0.515977,0.974955
rad_dino,0.515977,0.976744
rad_dino,0.520489,0.976744
rad_dino,0.521241,0.976744
rad_dino,0.521429,0.976744
rad_dino,0.521805,0.976744
rad_dino,0.522556,0.976744
rad_dino,0.522932,0.976744
rad_dino,0.525,0.976744
rad_dino,0.525,0.978533
rad_dino,0.526504,0.978533
rad_dino,0.52688,0.978533
rad_dino,0.543985,0.978533
rad_dino,0.543985,0.980322
rad_dino,0.553195,0.980322
rad_dino,0.553195,0.982111
rad_dino,0.567293,0.982111
rad_dino,0.567669,0.982111
rad_dino,0.569173,0.982111
rad_dino,0.569173,0.9839
rad_dino,0.569549,0.9839
rad_dino,0.569925,0.9839
rad_dino,0.573308,0.9839
rad_dino,0.573684,0.9839
rad_dino,0.576316,0.9839
rad_dino,0.576316,0.985689
rad_dino,0.577068,0.985689
rad_dino,0.577444,0.985689
rad_dino,0.618045,0.985689
rad_dino,0.618421,0.985689
rad_dino,0.620677,0.985689
rad_dino,0.621053,0.985689
rad_dino,0.628008,0.985689
rad_dino,0.628008,0.987478
rad_dino,0.631015,0.987478
rad_dino,0.631015,0.989267
rad_dino,0.67782,0.989267
rad_dino,0.678195,0.989267
rad_dino,0.694925,0.989267
rad_dino,0.695301,0.989267
rad_dino,0.707707,0.989267
rad_dino,0.707707,0.991055
rad_dino,0.723684,0.991055
rad_dino,0.72406,0.991055
rad_dino,0.728759,0.991055
rad_dino,0.729135,0.991055
rad_dino,0.737594,0.991055
rad_dino,0.737594,0.992844
rad_dino,0.769173,0.992844
rad_dino,0.769173,0.994633
rad_dino,0.858271,0.994633
rad_dino,0.858271,0.996422
rad_dino,0.987782,0.996422
rad_dino,0.987782,0.998211
rad_dino,0.991917,0.998211
rad_dino,0.991917,1.0
rad_dino,1.0,1.0
biomedclip,0.0,0.0
biomedclip,0.0,0.001789
biomedclip,0.0,0.010733
biomedclip,0.000188,0.010733
biomedclip,0.000188,0.012522
biomedclip,0.000376,0.012522
biomedclip,0.000376,0.019678
biomedclip,0.000564,0.019678
biomedclip,0.000564,0.030411
biomedclip,0.000752,0.030411
biomedclip,0.000752,0.042934
biomedclip,0.00094,0.042934
biomedclip,0.00094,0.048301
biomedclip,0.001504,0.048301
biomedclip,0.001504,0.050089
biomedclip,0.001692,0.050089
biomedclip,0.001692,0.060823
biomedclip,0.002256,0.060823
biomedclip,0.002256,0.062612
biomedclip,0.002444,0.062612
biomedclip,0.002444,0.06619
biomedclip,0.00282,0.06619
biomedclip,0.00282,0.067979
biomedclip,0.003008,0.067979
biomedclip,0.003008,0.075134
biomedclip,0.003759,0.075134
biomedclip,0.003759,0.078712
biomedclip,0.003947,0.078712
biomedclip,0.003947,0.084079
biomedclip,0.004511,0.084079
biomedclip,0.004511,0.091234
biomedclip,0.004887,0.091234
biomedclip,0.004887,0.100179
biomedclip,0.005075,0.100179
biomedclip,0.005075,0.107335
biomedclip,0.005451,0.107335
biomedclip,0.005451,0.109123
biomedclip,0.005639,0.109123
biomedclip,0.005639,0.110912
biomedclip,0.005827,0.110912
biomedclip,0.005827,0.112701
biomedclip,0.006203,0.112701
biomedclip,0.006203,0.11449
biomedclip,0.006767,0.11449
biomedclip,0.006767,0.118068
biomedclip,0.006955,0.118068
biomedclip,0.006955,0.119857
biomedclip,0.007707,0.119857
biomedclip,0.007707,0.123435
biomedclip,0.007895,0.123435
biomedclip,0.007895,0.125224
biomedclip,0.008271,0.125224
biomedclip,0.008271,0.13059
biomedclip,0.008459,0.13059
biomedclip,0.008459,0.132379
biomedclip,0.008647,0.132379
biomedclip,0.008647,0.137746
biomedclip,0.009023,0.137746
biomedclip,0.009023,0.146691
biomedclip,0.009211,0.146691
biomedclip,0.009211,0.148479
biomedclip,0.009398,0.148479
biomedclip,0.009398,0.150268
biomedclip,0.009962,0.150268
biomedclip,0.009962,0.152057
biomedclip,0.01015,0.152057
biomedclip,0.01015,0.153846
biomedclip,0.010338,0.153846
biomedclip,0.010338,0.155635
biomedclip,0.010902,0.155635
biomedclip,0.010902,0.157424
biomedclip,0.011278,0.157424
biomedclip,0.011278,0.159213
biomedclip,0.011654,0.159213
biomedclip,0.011654,0.161002
biomedclip,0.01203,0.161002
biomedclip,0.01203,0.162791
biomedclip,0.012594,0.162791
biomedclip,0.012594,0.16458
biomedclip,0.012782,0.16458
biomedclip,0.012782,0.166369
biomedclip,0.013722,0.166369
biomedclip,0.013722,0.169946
biomedclip,0.014286,0.169946
biomedclip,0.014286,0.173524
biomedclip,0.014474,0.173524
biomedclip,0.014474,0.177102
biomedclip,0.014662,0.177102
biomedclip,0.014662,0.182469
biomedclip,0.01485,0.182469
biomedclip,0.01485,0.184258
biomedclip,0.015038,0.184258
biomedclip,0.015038,0.186047
biomedclip,0.015226,0.186047
biomedclip,0.015226,0.187835
biomedclip,0.015414,0.187835
biomedclip,0.015414,0.191413
biomedclip,0.015602,0.191413
biomedclip,0.015602,0.193202
biomedclip,0.015789,0.193202
biomedclip,0.015789,0.194991
biomedclip,0.015977,0.194991
biomedclip,0.015977,0.19678
biomedclip,0.016729,0.19678
biomedclip,0.016729,0.198569
biomedclip,0.017293,0.198569
biomedclip,0.017293,0.203936
biomedclip,0.018045,0.203936
biomedclip,0.018045,0.207513
biomedclip,0.019173,0.207513
biomedclip,0.019173,0.209302
biomedclip,0.019925,0.209302
biomedclip,0.019925,0.211091
biomedclip,0.020865,0.211091
biomedclip,0.020865,0.21288
biomedclip,0.021617,0.21288
biomedclip,0.021617,0.216458
biomedclip,0.021805,0.216458
biomedclip,0.021805,0.220036
biomedclip,0.021992,0.220036
biomedclip,0.021992,0.221825
biomedclip,0.02218,0.221825
biomedclip,0.02218,0.225403
biomedclip,0.022556,0.225403
biomedclip,0.022556,0.227191
biomedclip,0.022932,0.227191
biomedclip,0.022932,0.22898
biomedclip,0.023496,0.22898
biomedclip,0.023496,0.230769
biomedclip,0.024436,0.230769
biomedclip,0.024436,0.232558
biomedclip,0.025,0.232558
biomedclip,0.025,0.236136
biomedclip,0.025752,0.236136
biomedclip,0.025752,0.237925
biomedclip,0.026128,0.237925
biomedclip,0.026128,0.241503
biomedclip,0.026504,0.241503
biomedclip,0.026504,0.245081
biomedclip,0.02688,0.245081
biomedclip,0.02688,0.246869
biomedclip,0.027068,0.246869
biomedclip,0.027068,0.248658
biomedclip,0.028008,0.248658
biomedclip,0.028008,0.250447
biomedclip,0.028383,0.250447
biomedclip,0.028383,0.252236
biomedclip,0.028947,0.252236
biomedclip,0.028947,0.254025
biomedclip,0.029323,0.254025
biomedclip,0.029323,0.255814
biomedclip,0.029511,0.255814
biomedclip,0.029511,0.257603
biomedclip,0.029699,0.257603
biomedclip,0.029699,0.259392
biomedclip,0.029887,0.259392
biomedclip,0.029887,0.261181
biomedclip,0.030075,0.261181
biomedclip,0.030075,0.26297
biomedclip,0.030827,0.26297
biomedclip,0.030827,0.264758
biomedclip,0.031767,0.264758
biomedclip,0.031767,0.266547
biomedclip,0.032143,0.266547
biomedclip,0.032143,0.268336
biomedclip,0.033083,0.268336
biomedclip,0.033083,0.270125
biomedclip,0.033459,0.270125
biomedclip,0.033459,0.273703
biomedclip,0.033647,0.273703
biomedclip,0.033647,0.275492
biomedclip,0.033835,0.275492
biomedclip,0.033835,0.27907
biomedclip,0.034023,0.27907
biomedclip,0.034023,0.282648
biomedclip,0.034211,0.282648
biomedclip,0.034211,0.284436
biomedclip,0.034774,0.284436
biomedclip,0.034774,0.286225
biomedclip,0.03515,0.286225
biomedclip,0.03515,0.288014
biomedclip,0.035338,0.288014
biomedclip,0.035338,0.289803
biomedclip,0.035526,0.289803
biomedclip,0.035526,0.291592
biomedclip,0.035902,0.291592
biomedclip,0.035902,0.29517
biomedclip,0.036278,0.29517
biomedclip,0.036278,0.296959
biomedclip,0.037218,0.296959
biomedclip,0.037218,0.298748
biomedclip,0.037406,0.298748
biomedclip,0.037406,0.300537
biomedclip,0.03797,0.300537
biomedclip,0.03797,0.302326
biomedclip,0.038534,0.302326
biomedclip,0.038534,0.305903
biomedclip,0.039474,0.305903
biomedclip,0.039474,0.307692
biomedclip,0.041353,0.307692
biomedclip,0.041353,0.314848
biomedclip,0.041541,0.314848
biomedclip,0.041541,0.316637
biomedclip,0.041729,0.316637
biomedclip,0.041729,0.318426
biomedclip,0.042293,0.318426
biomedclip,0.042293,0.320215
biomedclip,0.042669,0.320215
biomedclip,0.042669,0.32737
biomedclip,0.043797,0.32737
biomedclip,0.043797,0.329159
biomedclip,0.044173,0.329159
biomedclip,0.044173,0.336315
biomedclip,0.045113,0.336315
biomedclip,0.045113,0.338104
biomedclip,0.045677,0.338104
biomedclip,0.045677,0.339893
biomedclip,0.045865,0.339893
biomedclip,0.045865,0.34347
biomedclip,0.046053,0.34347
biomedclip,0.046053,0.348837
biomedclip,0.047932,0.348837
biomedclip,0.047932,0.350626
biomedclip,0.048308,0.350626
biomedclip,0.048308,0.352415
biomedclip,0.048496,0.352415
biomedclip,0.048496,0.354204
biomedclip,0.048872,0.354204
biomedclip,0.048872,0.355993
biomedclip,0.050188,0.355993
biomedclip,0.050188,0.357782
biomedclip,0.05094,0.357782
biomedclip,0.05094,0.36136
biomedclip,0.051504,0.36136
biomedclip,0.051504,0.363148
biomedclip,0.052256,0.363148
biomedclip,0.052256,0.364937
biomedclip,0.052632,0.364937
biomedclip,0.052632,0.368515
biomedclip,0.05282,0.368515
biomedclip,0.05282,0.372093
biomedclip,0.053008,0.372093
biomedclip,0.053008,0.375671
biomedclip,0.053759,0.375671
biomedclip,0.053759,0.37746
biomedclip,0.054699,0.37746
biomedclip,0.054699,0.379249
biomedclip,0.054887,0.379249
biomedclip,0.054887,0.381038
biomedclip,0.055263,0.381038
biomedclip,0.055263,0.382826
biomedclip,0.056015,0.382826
biomedclip,0.056015,0.384615
biomedclip,0.057331,0.384615
biomedclip,0.057331,0.386404
biomedclip,0.059023,0.386404
biomedclip,0.059023,0.391771
biomedclip,0.060714,0.391771
biomedclip,0.060714,0.395349
biomedclip,0.063158,0.395349
biomedclip,0.063158,0.397138
biomedclip,0.063534,0.397138
biomedclip,0.063534,0.398927
biomedclip,0.064098,0.398927
biomedclip,0.064098,0.400716
biomedclip,0.064474,0.400716
biomedclip,0.065038,0.400716
biomedclip,0.065038,0.402504
biomedclip,0.066353,0.402504
biomedclip,0.066353,0.404293
biomedclip,0.067105,0.404293
biomedclip,0.067105,0.406082
biomedclip,0.067481,0.406082
biomedclip,0.067481,0.40966
biomedclip,0.068045,0.40966
biomedclip,0.068045,0.411449
biomedclip,0.068233,0.411449
biomedclip,0.068233,0.413238
biomedclip,0.068421,0.413238
biomedclip,0.068421,0.416816
biomedclip,0.068985,0.416816
biomedclip,0.068985,0.418605
biomedclip,0.069173,0.418605
biomedclip,0.069173,0.420394
biomedclip,0.070677,0.420394
biomedclip,0.070677,0.422182
biomedclip,0.070865,0.422182
biomedclip,0.070865,0.423971
biomedclip,0.07218,0.423971
biomedclip,0.07218,0.42576
biomedclip,0.073308,0.42576
biomedclip,0.073308,0.427549
biomedclip,0.075188,0.427549
biomedclip,0.075188,0.431127
biomedclip,0.075564,0.431127
biomedclip,0.075564,0.434705
biomedclip,0.076316,0.434705
biomedclip,0.076316,0.436494
biomedclip,0.076504,0.436494
biomedclip,0.076504,0.438283
biomedclip,0.076692,0.438283
biomedclip,0.077068,0.438283
biomedclip,0.077444,0.438283
biomedclip,0.07782,0.438283
biomedclip,0.07782,0.440072
biomedclip,0.078571,0.440072
biomedclip,0.078571,0.44186
biomedclip,0.078759,0.44186
biomedclip,0.078759,0.443649
biomedclip,0.078947,0.443649
biomedclip,0.078947,0.449016
biomedclip,0.080451,0.449016
biomedclip,0.080451,0.450805
biomedclip,0.080639,0.450805
biomedclip,0.080639,0.454383
biomedclip,0.081579,0.454383
biomedclip,0.081579,0.456172
biomedclip,0.081955,0.456172
biomedclip,0.081955,0.457961
biomedclip,0.082331,0.457961
biomedclip,0.082895,0.457961
biomedclip,0.082895,0.45975
biomedclip,0.083083,0.45975
biomedclip,0.083083,0.465116
biomedclip,0.083459,0.465116
biomedclip,0.083647,0.465116
biomedclip,0.084023,0.465116
biomedclip,0.084774,0.465116
biomedclip,0.084774,0.470483
biomedclip,0.085338,0.470483
biomedclip,0.085338,0.472272
biomedclip,0.08609,0.472272
biomedclip,0.08609,0.474061
biomedclip,0.086842,0.474061
biomedclip,0.086842,0.47585
biomedclip,0.087218,0.47585
biomedclip,0.087594,0.47585
biomedclip,0.087594,0.477639
biomedclip,0.08891,0.477639
biomedclip,0.08891,0.479428
biomedclip,0.090038,0.479428
biomedclip,0.090038,0.481216
biomedclip,0.092669,0.481216
biomedclip,0.092669,0.483005
biomedclip,0.093045,0.483005
biomedclip,0.093045,0.486583
biomedclip,0.094173,0.486583
biomedclip,0.094173,0.488372
biomedclip,0.094549,0.488372
biomedclip,0.094549,0.490161
biomedclip,0.095677,0.490161
biomedclip,0.095677,0.49195
biomedclip,0.095865,0.49195
biomedclip,0.095865,0.493739
biomedclip,0.097744,0.493739
biomedclip,0.097744,0.495528
biomedclip,0.097932,0.495528
biomedclip,0.097932,0.497317
biomedclip,0.100564,0.497317
biomedclip,0.100564,0.500894
biomedclip,0.103008,0.500894
biomedclip,0.103008,0.502683
biomedclip,0.103383,0.502683
biomedclip,0.103383,0.504472
biomedclip,0.106203,0.504472
biomedclip,0.106203,0.50805
biomedclip,0.106391,0.50805
biomedclip,0.106391,0.509839
biomedclip,0.106767,0.509839
biomedclip,0.106767,0.511628
biomedclip,0.109023,0.511628
biomedclip,0.109023,0.513417
biomedclip,0.110714,0.513417
biomedclip,0.110714,0.515206
biomedclip,0.110902,0.515206
biomedclip,0.110902,0.516995
biomedclip,0.112406,0.516995
biomedclip,0.112406,0.518784
biomedclip,0.11391,0.518784
biomedclip,0.11391,0.520572
biomedclip,0.114098,0.520572
biomedclip,0.114098,0.52415
biomedclip,0.115038,0.52415
biomedclip,0.115038,0.525939
biomedclip,0.116353,0.525939
biomedclip,0.116353,0.527728
biomedclip,0.117105,0.527728
biomedclip,0.117481,0.527728
biomedclip,0.118233,0.527728
biomedclip,0.118233,0.529517
biomedclip,0.118609,0.529517
biomedclip,0.118609,0.531306
biomedclip,0.118985,0.531306
biomedclip,0.118985,0.534884
biomedclip,0.121429,0.534884
biomedclip,0.121429,0.536673
biomedclip,0.121617,0.536673
biomedclip,0.121617,0.54025
biomedclip,0.121805,0.54025
biomedclip,0.121805,0.542039
biomedclip,0.12218,0.542039
biomedclip,0.12218,0.543828
biomedclip,0.122556,0.543828
biomedclip,0.122556,0.545617
biomedclip,0.123496,0.545617
biomedclip,0.123496,0.550984
biomedclip,0.123872,0.550984
biomedclip,0.123872,0.552773
biomedclip,0.124436,0.552773
biomedclip,0.124436,0.554562
biomedclip,0.124624,0.554562
biomedclip,0.124624,0.556351
biomedclip,0.126128,0.556351
biomedclip,0.126128,0.55814
biomedclip,0.126692,0.55814
biomedclip,0.126692,0.563506
biomedclip,0.12782,0.563506
biomedclip,0.12782,0.565295
biomedclip,0.128383,0.565295
biomedclip,0.128383,0.567084
biomedclip,0.128571,0.567084
biomedclip,0.128947,0.567084
biomedclip,0.129511,0.567084
biomedclip,0.129887,0.567084
biomedclip,0.130075,0.567084
biomedclip,0.130075,0.568873
biomedclip,0.131955,0.568873
biomedclip,0.131955,0.570662
biomedclip,0.132331,0.570662
biomedclip,0.132331,0.572451
biomedclip,0.133271,0.572451
biomedclip,0.133271,0.57424
biomedclip,0.134398,0.57424
biomedclip,0.134774,0.57424
biomedclip,0.135714,0.57424
biomedclip,0.135714,0.576029
biomedclip,0.135902,0.576029
biomedclip,0.135902,0.577818
biomedclip,0.143609,0.577818
biomedclip,0.143609,0.579606
biomedclip,0.147744,0.579606
biomedclip,0.147744,0.581395
biomedclip,0.149436,0.581395
biomedclip,0.149436,0.583184
biomedclip,0.149624,0.583184
biomedclip,0.149624,0.586762
biomedclip,0.150376,0.586762
biomedclip,0.150752,0.586762
biomedclip,0.15094,0.586762
biomedclip,0.15094,0.59034
biomedclip,0.151316,0.59034
biomedclip,0.151692,0.59034
biomedclip,0.153195,0.59034
biomedclip,0.153195,0.592129
biomedclip,0.155263,0.592129
biomedclip,0.155263,0.593918
biomedclip,0.155451,0.593918
biomedclip,0.155451,0.595707
biomedclip,0.156955,0.595707
biomedclip,0.156955,0.599284
biomedclip,0.157895,0.599284
biomedclip,0.157895,0.601073
biomedclip,0.158271,0.601073
biomedclip,0.158271,0.602862
biomedclip,0.16109,0.602862
biomedclip,0.16109,0.604651
biomedclip,0.161654,0.604651
biomedclip,0.161654,0.60644
biomedclip,0.162406,0.60644
biomedclip,0.162406,0.608229
biomedclip,0.165602,0.608229
biomedclip,0.165602,0.610018
biomedclip,0.165977,0.610018
biomedclip,0.165977,0.611807
biomedclip,0.166917,0.611807
biomedclip,0.167293,0.611807
biomedclip,0.167293,0.613596
biomedclip,0.167669,0.613596
biomedclip,0.167669,0.615385
biomedclip,0.167857,0.615385
biomedclip,0.167857,0.617174
biomedclip,0.168421,0.617174
biomedclip,0.168421,0.618962
biomedclip,0.171617,0.618962
biomedclip,0.171617,0.620751
biomedclip,0.171805,0.620751
biomedclip,0.171805,0.62254
biomedclip,0.172556,0.62254
biomedclip,0.172556,0.624329
biomedclip,0.175,0.624329
biomedclip,0.175,0.626118
biomedclip,0.175188,0.626118
biomedclip,0.175188,0.627907
biomedclip,0.175564,0.627907
biomedclip,0.175564,0.629696
biomedclip,0.176128,0.629696
biomedclip,0.176128,0.631485
biomedclip,0.177632,0.631485
biomedclip,0.178008,0.631485
biomedclip,0.178383,0.631485
biomedclip,0.178383,0.633274
biomedclip,0.178759,0.633274
biomedclip,0.178759,0.635063
biomedclip,0.180075,0.635063
biomedclip,0.180075,0.636852
biomedclip,0.180263,0.636852
biomedclip,0.180263,0.640429
biomedclip,0.182707,0.640429
biomedclip,0.182707,0.642218
biomedclip,0.183647,0.642218
biomedclip,0.183647,0.644007
biomedclip,0.184211,0.644007
biomedclip,0.184211,0.645796
biomedclip,0.18609,0.645796
biomedclip,0.18609,0.647585
biomedclip,0.188722,0.647585
biomedclip,0.188722,0.649374
biomedclip,0.189286,0.649374
biomedclip,0.189286,0.651163
biomedclip,0.190977,0.651163
biomedclip,0.190977,0.652952
biomedclip,0.191165,0.652952
biomedclip,0.191165,0.654741
biomedclip,0.191353,0.654741
biomedclip,0.191353,0.65653
biomedclip,0.19718,0.65653
biomedclip,0.19718,0.658318
biomedclip,0.198308,0.658318
biomedclip,0.198308,0.660107
biomedclip,0.200564,0.660107
biomedclip,0.200564,0.661896
biomedclip,0.204887,0.661896
biomedclip,0.204887,0.663685
biomedclip,0.205075,0.663685
biomedclip,0.205075,0.665474
biomedclip,0.206203,0.665474
biomedclip,0.206203,0.667263
biomedclip,0.206391,0.667263
biomedclip,0.206391,0.669052
biomedclip,0.208459,0.669052
biomedclip,0.208459,0.670841
biomedclip,0.211654,0.670841
biomedclip,0.211654,0.674419
biomedclip,0.211842,0.674419
biomedclip,0.211842,0.676208
biomedclip,0.212406,0.676208
biomedclip,0.212782,0.676208
biomedclip,0.213346,0.676208
biomedclip,0.213346,0.679785
biomedclip,0.215414,0.679785
biomedclip,0.215789,0.679785
biomedclip,0.216541,0.679785
biomedclip,0.216917,0.679785
biomedclip,0.219173,0.679785
biomedclip,0.219173,0.681574
biomedclip,0.219737,0.681574
biomedclip,0.219737,0.683363
biomedclip,0.220677,0.683363
biomedclip,0.220677,0.685152
biomedclip,0.223872,0.685152
biomedclip,0.223872,0.686941
biomedclip,0.224248,0.686941
biomedclip,0.224248,0.68873
biomedclip,0.225,0.68873
biomedclip,0.225,0.690519
biomedclip,0.225376,0.690519
biomedclip,0.225376,0.692308
biomedclip,0.225752,0.692308
biomedclip,0.22594,0.692308
biomedclip,0.22594,0.694097
biomedclip,0.231579,0.694097
biomedclip,0.231579,0.699463
biomedclip,0.232331,0.699463
biomedclip,0.232331,0.701252
biomedclip,0.233835,0.701252
biomedclip,0.233835,0.703041
biomedclip,0.23515,0.703041
biomedclip,0.23515,0.70483
biomedclip,0.235338,0.70483
biomedclip,0.235338,0.706619
biomedclip,0.239474,0.706619
biomedclip,0.239474,0.708408
biomedclip,0.240226,0.708408
biomedclip,0.240226,0.711986
biomedclip,0.240977,0.711986
biomedclip,0.240977,0.713775
biomedclip,0.241917,0.713775
biomedclip,0.241917,0.715564
biomedclip,0.243421,0.715564
biomedclip,0.243421,0.717352
biomedclip,0.246241,0.717352
biomedclip,0.246617,0.717352
biomedclip,0.247368,0.717352
biomedclip,0.247368,0.719141
biomedclip,0.247744,0.719141
biomedclip,0.247744,0.724508
biomedclip,0.247932,0.724508
biomedclip,0.247932,0.726297
biomedclip,0.250752,0.726297
biomedclip,0.251128,0.726297
biomedclip,0.253383,0.726297
biomedclip,0.253383,0.728086
biomedclip,0.253571,0.728086
biomedclip,0.253571,0.729875
biomedclip,0.254887,0.729875
biomedclip,0.255263,0.729875
biomedclip,0.255827,0.729875
biomedclip,0.255827,0.733453
biomedclip,0.256015,0.733453
biomedclip,0.256015,0.735242
biomedclip,0.256767,0.735242
biomedclip,0.256767,0.73703
biomedclip,0.259398,0.73703
biomedclip,0.259398,0.740608
biomedclip,0.259774,0.740608
biomedclip,0.26015,0.740608
biomedclip,0.26015,0.742397
biomedclip,0.260338,0.742397
biomedclip,0.260338,0.744186
biomedclip,0.26391,0.744186
biomedclip,0.26391,0.745975
biomedclip,0.264098,0.745975
biomedclip,0.264098,0.747764
biomedclip,0.26485,0.747764
biomedclip,0.265226,0.747764
biomedclip,0.265789,0.747764
biomedclip,0.265789,0.749553
biomedclip,0.271617,0.749553
biomedclip,0.271617,0.751342
biomedclip,0.271992,0.751342
biomedclip,0.271992,0.753131
biomedclip,0.275376,0.753131
biomedclip,0.275376,0.754919
biomedclip,0.27782,0.754919
biomedclip,0.278195,0.754919
biomedclip,0.281015,0.754919
biomedclip,0.281015,0.756708
biomedclip,0.281203,0.756708
biomedclip,0.281579,0.756708
biomedclip,0.281767,0.756708
biomedclip,0.281767,0.758497
biomedclip,0.282143,0.758497
biomedclip,0.282143,0.762075
biomedclip,0.282331,0.762075
biomedclip,0.282331,0.763864
biomedclip,0.282707,0.763864
biomedclip,0.282707,0.765653
biomedclip,0.287218,0.765653
biomedclip,0.287594,0.765653
biomedclip,0.290977,0.765653
biomedclip,0.290977,0.767442
biomedclip,0.295301,0.767442
biomedclip,0.295301,0.772809
biomedclip,0.296805,0.772809
biomedclip,0.296805,0.774597
biomedclip,0.298872,0.774597
biomedclip,0.298872,0.776386
biomedclip,0.30188,0.776386
biomedclip,0.30188,0.778175
biomedclip,0.304511,0.778175
biomedclip,0.304511,0.779964
biomedclip,0.306955,0.779964
biomedclip,0.306955,0.781753
biomedclip,0.308835,0.781753
biomedclip,0.308835,0.783542
biomedclip,0.310526,0.783542
biomedclip,0.310526,0.785331
biomedclip,0.310902,0.785331
biomedclip,0.310902,0.78712
biomedclip,0.316917,0.78712
biomedclip,0.316917,0.788909
biomedclip,0.318609,0.788909
biomedclip,0.318609,0.790698
biomedclip,0.318797,0.790698
biomedclip,0.318797,0.792487
biomedclip,0.320113,0.792487
biomedclip,0.320113,0.794275
biomedclip,0.32688,0.794275
biomedclip,0.32688,0.797853
biomedclip,0.327256,0.797853
biomedclip,0.327256,0.799642
biomedclip,0.329699,0.799642
biomedclip,0.329699,0.801431
biomedclip,0.330639,0.801431
biomedclip,0.331015,0.801431
biomedclip,0.334398,0.801431
biomedclip,0.334398,0.80322
biomedclip,0.337406,0.80322
biomedclip,0.337782,0.80322
biomedclip,0.342105,0.80322
biomedclip,0.342105,0.805009
biomedclip,0.342293,0.805009
biomedclip,0.342293,0.806798
biomedclip,0.34812,0.806798
biomedclip,0.348496,0.806798
biomedclip,0.348872,0.806798
biomedclip,0.348872,0.808587
biomedclip,0.354323,0.808587
biomedclip,0.354323,0.810376
biomedclip,0.359398,0.810376
biomedclip,0.359398,0.812165
biomedclip,0.361842,0.812165
biomedclip,0.361842,0.813953
biomedclip,0.365038,0.813953
biomedclip,0.365038,0.815742
biomedclip,0.367293,0.815742
biomedclip,0.367293,0.817531
biomedclip,0.368609,0.817531
biomedclip,0.368609,0.81932
biomedclip,0.368985,0.81932
biomedclip,0.369737,0.81932
biomedclip,0.370301,0.81932
biomedclip,0.370301,0.821109
biomedclip,0.371617,0.821109
biomedclip,0.371992,0.821109
biomedclip,0.379323,0.821109
biomedclip,0.379699,0.821109
biomedclip,0.381955,0.821109
biomedclip,0.381955,0.822898
biomedclip,0.384398,0.822898
biomedclip,0.384398,0.824687
biomedclip,0.38609,0.824687
biomedclip,0.38609,0.826476
biomedclip,0.386842,0.826476
biomedclip,0.386842,0.828265
biomedclip,0.389474,0.828265
biomedclip,0.389474,0.830054
biomedclip,0.392669,0.830054
biomedclip,0.392669,0.831843
biomedclip,0.393045,0.831843
biomedclip,0.393421,0.831843
biomedclip,0.393797,0.831843
biomedclip,0.393797,0.833631
biomedclip,0.397368,0.833631
biomedclip,0.397744,0.833631
biomedclip,0.403195,0.833631
biomedclip,0.403195,0.83542
biomedclip,0.408459,0.83542
biomedclip,0.408459,0.837209
biomedclip,0.412406,0.837209
biomedclip,0.412782,0.837209
biomedclip,0.413346,0.837209
biomedclip,0.413722,0.837209
biomedclip,0.416917,0.837209
biomedclip,0.417293,0.837209
biomedclip,0.421429,0.837209
biomedclip,0.421429,0.838998
biomedclip,0.423496,0.838998
biomedclip,0.423496,0.840787
biomedclip,0.425564,0.840787
biomedclip,0.42594,0.840787
biomedclip,0.434962,0.840787
biomedclip,0.434962,0.842576
biomedclip,0.435338,0.842576
biomedclip,0.435338,0.844365
biomedclip,0.436654,0.844365
biomedclip,0.436654,0.846154
biomedclip,0.436842,0.846154
biomedclip,0.436842,0.847943
biomedclip,0.439474,0.847943
biomedclip,0.439474,0.849732
biomedclip,0.441729,0.849732
biomedclip,0.441729,0.851521
biomedclip,0.442293,0.851521
biomedclip,0.442293,0.853309
biomedclip,0.442669,0.853309
biomedclip,0.449436,0.853309
biomedclip,0.449436,0.855098
biomedclip,0.45188,0.855098
biomedclip,0.452256,0.855098
biomedclip,0.45282,0.855098
biomedclip,0.45282,0.856887
biomedclip,0.457331,0.856887
biomedclip,0.457707,0.856887
biomedclip,0.465977,0.856887
biomedclip,0.465977,0.858676
biomedclip,0.468985,0.858676
biomedclip,0.468985,0.860465
biomedclip,0.47312,0.860465
biomedclip,0.47312,0.862254
biomedclip,0.475188,0.862254
biomedclip,0.475564,0.862254
biomedclip,0.484586,0.862254
biomedclip,0.484586,0.864043
biomedclip,0.490977,0.864043
biomedclip,0.491353,0.864043
biomedclip,0.496241,0.864043
biomedclip,0.496241,0.865832
biomedclip,0.496617,0.865832
biomedclip,0.496992,0.865832
biomedclip,0.497744,0.865832
biomedclip,0.497744,0.867621
biomedclip,0.499436,0.867621
biomedclip,0.499436,0.86941
biomedclip,0.50282,0.86941
biomedclip,0.50282,0.871199
biomedclip,0.503383,0.871199
biomedclip,0.503383,0.872987
biomedclip,0.503759,0.872987
biomedclip,0.503759,0.874776
biomedclip,0.504135,0.874776
biomedclip,0.513346,0.874776
biomedclip,0.513346,0.876565
biomedclip,0.51391,0.876565
biomedclip,0.51391,0.878354
biomedclip,0.519549,0.878354
biomedclip,0.519549,0.880143
biomedclip,0.528759,0.880143
biomedclip,0.529135,0.880143
biomedclip,0.530263,0.880143
biomedclip,0.530263,0.881932
biomedclip,0.540038,0.881932
biomedclip,0.540038,0.883721
biomedclip,0.542857,0.883721
biomedclip,0.542857,0.88551
biomedclip,0.550752,0.88551
biomedclip,0.550752,0.887299
biomedclip,0.553195,0.887299
biomedclip,0.553195,0.889088
biomedclip,0.555827,0.889088
biomedclip,0.555827,0.890877
biomedclip,0.557519,0.890877
biomedclip,0.557519,0.892665
biomedclip,0.565977,0.892665
biomedclip,0.565977,0.894454
biomedclip,0.570489,0.894454
biomedclip,0.570489,0.896243
biomedclip,0.573684,0.896243
biomedclip,0.573684,0.898032
biomedclip,0.575752,0.898032
biomedclip,0.575752,0.899821
biomedclip,0.579135,0.899821
biomedclip,0.579511,0.899821
biomedclip,0.589474,0.899821
biomedclip,0.589474,0.90161
biomedclip,0.594549,0.90161
biomedclip,0.594549,0.903399
biomedclip,0.596053,0.903399
biomedclip,0.596053,0.905188
biomedclip,0.596429,0.905188
biomedclip,0.596805,0.905188
biomedclip,0.598496,0.905188
biomedclip,0.598496,0.906977
biomedclip,0.603947,0.906977
biomedclip,0.603947,0.908766
biomedclip,0.611278,0.908766
biomedclip,0.611278,0.910555
biomedclip,0.620489,0.910555
biomedclip,0.620489,0.912343
biomedclip,0.620865,0.912343
biomedclip,0.620865,0.914132
biomedclip,0.625188,0.914132
biomedclip,0.625188,0.915921
biomedclip,0.629699,0.915921
biomedclip,0.629699,0.91771
biomedclip,0.634774,0.91771
biomedclip,0.634774,0.919499
biomedclip,0.635902,0.919499
biomedclip,0.635902,0.921288
biomedclip,0.636466,0.921288
biomedclip,0.636466,0.924866
biomedclip,0.640602,0.924866
biomedclip,0.640602,0.926655
biomedclip,0.647932,0.926655
biomedclip,0.647932,0.928444
biomedclip,0.650564,0.928444
biomedclip,0.65094,0.928444
biomedclip,0.652068,0.928444
biomedclip,0.652068,0.930233
biomedclip,0.652444,0.930233
biomedclip,0.652444,0.932021
biomedclip,0.656391,0.932021
biomedclip,0.656391,0.93381
biomedclip,0.667293,0.93381
biomedclip,0.667669,0.93381
biomedclip,0.670113,0.93381
biomedclip,0.670113,0.935599
biomedclip,0.67782,0.935599
biomedclip,0.67782,0.937388
biomedclip,0.678008,0.937388
biomedclip,0.678008,0.939177
biomedclip,0.678759,0.939177
biomedclip,0.679135,0.939177
biomedclip,0.688534,0.939177
biomedclip,0.689286,0.939177
biomedclip,0.708271,0.939177
biomedclip,0.708271,0.940966
biomedclip,0.709962,0.940966
biomedclip,0.709962,0.942755
biomedclip,0.711466,0.942755
biomedclip,0.711466,0.944544
biomedclip,0.715789,0.944544
biomedclip,0.715789,0.946333
biomedclip,0.727444,0.946333
biomedclip,0.727444,0.948122
biomedclip,0.731203,0.948122
biomedclip,0.731203,0.949911
biomedclip,0.736466,0.949911
biomedclip,0.736466,0.951699
biomedclip,0.73703,0.951699
biomedclip,0.73703,0.953488
biomedclip,0.738722,0.953488
biomedclip,0.738722,0.955277
biomedclip,0.745865,0.955277
biomedclip,0.745865,0.957066
biomedclip,0.775564,0.957066
biomedclip,0.775564,0.958855
biomedclip,0.785338,0.958855
biomedclip,0.785714,0.958855
biomedclip,0.790414,0.958855
biomedclip,0.790414,0.960644
biomedclip,0.792105,0.960644
biomedclip,0.792481,0.960644
biomedclip,0.797556,0.960644
biomedclip,0.797556,0.962433
biomedclip,0.805263,0.962433
biomedclip,0.805263,0.964222
biomedclip,0.823308,0.964222
biomedclip,0.823308,0.966011
biomedclip,0.82594,0.966011
biomedclip,0.82594,0.9678
biomedclip,0.839662,0.9678
biomedclip,0.839662,0.969589
biomedclip,0.843609,0.969589
biomedclip,0.843609,0.971377
biomedclip,0.846429,0.971377
biomedclip,0.846429,0.973166
biomedclip,0.859023,0.973166
biomedclip,0.859023,0.974955
biomedclip,0.863722,0.974955
biomedclip,0.864098,0.974955
biomedclip,0.869925,0.974955
biomedclip,0.869925,0.976744
biomedclip,0.878008,0.976744
biomedclip,0.878383,0.976744
biomedclip,0.882895,0.976744
biomedclip,0.882895,0.978533
biomedclip,0.889662,0.978533
biomedclip,0.889662,0.980322
biomedclip,0.890038,0.980322
biomedclip,0.890038,0.982111
biomedclip,0.89718,0.982111
biomedclip,0.89718,0.9839
biomedclip,0.899248,0.9839
biomedclip,0.899248,0.985689
biomedclip,0.906015,0.985689
biomedclip,0.906015,0.987478
biomedclip,0.937406,0.987478
biomedclip,0.937406,0.989267
biomedclip,0.937782,0.989267
biomedclip,0.937782,0.991055
biomedclip,0.944361,0.991055
biomedclip,0.944361,0.992844
biomedclip,0.949248,0.992844
biomedclip,0.949248,0.994633
biomedclip,0.967481,0.994633
biomedclip,0.967481,0.996422
biomedclip,0.971805,0.996422
biomedclip,0.971805,0.998211
biomedclip,0.978008,0.998211
biomedclip,0.978008,1.0
biomedclip,1.0,1.0
torchxrayvision,0.0,0.0
torchxrayvision,0.0,0.001789
torchxrayvision,0.0,0.030411
torchxrayvision,0.000188,0.030411
torchxrayvision,0.000188,0.042934
torchxrayvision,0.000376,0.042934
torchxrayvision,0.000376,0.055456
torchxrayvision,0.000564,0.055456
torchxrayvision,0.000564,0.089445
torchxrayvision,0.000752,0.089445
torchxrayvision,0.000752,0.116279
torchxrayvision,0.00094,0.116279
torchxrayvision,0.00094,0.128801
torchxrayvision,0.001128,0.128801
torchxrayvision,0.001128,0.148479
torchxrayvision,0.00188,0.148479
torchxrayvision,0.00188,0.157424
torchxrayvision,0.002068,0.157424
torchxrayvision,0.002068,0.159213
torchxrayvision,0.002256,0.159213
torchxrayvision,0.002256,0.173524
torchxrayvision,0.002444,0.173524
torchxrayvision,0.002444,0.175313
torchxrayvision,0.00282,0.175313
torchxrayvision,0.00282,0.177102
torchxrayvision,0.003008,0.177102
torchxrayvision,0.003008,0.178891
torchxrayvision,0.003383,0.178891
torchxrayvision,0.003383,0.18068
torchxrayvision,0.003571,0.18068
torchxrayvision,0.003571,0.189624
torchxrayvision,0.004323,0.189624
torchxrayvision,0.004323,0.193202
torchxrayvision,0.004699,0.193202
torchxrayvision,0.004699,0.198569
torchxrayvision,0.005075,0.198569
torchxrayvision,0.005075,0.200358
torchxrayvision,0.005263,0.200358
torchxrayvision,0.005263,0.209302
torchxrayvision,0.005451,0.209302
torchxrayvision,0.005451,0.214669
torchxrayvision,0.005827,0.214669
torchxrayvision,0.005827,0.223614
torchxrayvision,0.006015,0.223614
torchxrayvision,0.006015,0.22898
torchxrayvision,0.006203,0.22898
torchxrayvision,0.006203,0.232558
torchxrayvision,0.006391,0.232558
torchxrayvision,0.006391,0.236136
torchxrayvision,0.006579,0.236136
torchxrayvision,0.006579,0.245081
torchxrayvision,0.007143,0.245081
torchxrayvision,0.007143,0.246869
torchxrayvision,0.007331,0.246869
torchxrayvision,0.007331,0.259392
torchxrayvision,0.007895,0.259392
torchxrayvision,0.007895,0.264758
torchxrayvision,0.008083,0.264758
torchxrayvision,0.008083,0.266547
torchxrayvision,0.008271,0.266547
torchxrayvision,0.008271,0.268336
torchxrayvision,0.008647,0.268336
torchxrayvision,0.008647,0.275492
torchxrayvision,0.009023,0.275492
torchxrayvision,0.009398,0.275492
torchxrayvision,0.009398,0.277281
torchxrayvision,0.009586,0.277281
torchxrayvision,0.009586,0.288014
torchxrayvision,0.009774,0.288014
torchxrayvision,0.009774,0.296959
torchxrayvision,0.009962,0.296959
torchxrayvision,0.009962,0.300537
torchxrayvision,0.01015,0.300537
torchxrayvision,0.01015,0.302326
torchxrayvision,0.011466,0.302326
torchxrayvision,0.011466,0.304114
torchxrayvision,0.011842,0.304114
torchxrayvision,0.011842,0.31127
torchxrayvision,0.012406,0.31127
torchxrayvision,0.012406,0.313059
torchxrayvision,0.01297,0.313059
torchxrayvision,0.01297,0.314848
torchxrayvision,0.013158,0.314848
torchxrayvision,0.013158,0.318426
torchxrayvision,0.013346,0.318426
torchxrayvision,0.013346,0.320215
torchxrayvision,0.013534,0.320215
torchxrayvision,0.013534,0.322004
torchxrayvision,0.013722,0.322004
torchxrayvision,0.013722,0.330948
torchxrayvision,0.01391,0.330948
torchxrayvision,0.01391,0.338104
torchxrayvision,0.014098,0.338104
torchxrayvision,0.014098,0.339893
torchxrayvision,0.014286,0.339893
torchxrayvision,0.014286,0.341682
torchxrayvision,0.014474,0.341682
torchxrayvision,0.014474,0.355993
torchxrayvision,0.01485,0.355993
torchxrayvision,0.01485,0.357782
torchxrayvision,0.015226,0.357782
torchxrayvision,0.015226,0.363148
torchxrayvision,0.015602,0.363148
torchxrayvision,0.015602,0.37746
torchxrayvision,0.015789,0.37746
torchxrayvision,0.015789,0.382826
torchxrayvision,0.016165,0.382826
torchxrayvision,0.016165,0.384615
torchxrayvision,0.016353,0.384615
torchxrayvision,0.016353,0.395349
torchxrayvision,0.016541,0.395349
torchxrayvision,0.016541,0.400716
torchxrayvision,0.016729,0.400716
torchxrayvision,0.016729,0.404293
torchxrayvision,0.016917,0.404293
torchxrayvision,0.016917,0.40966
torchxrayvision,0.017857,0.40966
torchxrayvision,0.017857,0.411449
torchxrayvision,0.018045,0.411449
torchxrayvision,0.018045,0.413238
torchxrayvision,0.019361,0.413238
torchxrayvision,0.019361,0.418605
torchxrayvision,0.019925,0.418605
torchxrayvision,0.019925,0.420394
torchxrayvision,0.020301,0.420394
torchxrayvision,0.021617,0.420394
torchxrayvision,0.021617,0.423971
torchxrayvision,0.021992,0.423971
torchxrayvision,0.021992,0.42576
torchxrayvision,0.02218,0.42576
torchxrayvision,0.02218,0.427549
torchxrayvision,0.022556,0.427549
torchxrayvision,0.022556,0.429338
torchxrayvision,0.02406,0.429338
torchxrayvision,0.02406,0.431127
torchxrayvision,0.024248,0.431127
torchxrayvision,0.024248,0.432916
torchxrayvision,0.024436,0.432916
torchxrayvision,0.024436,0.434705
torchxrayvision,0.024812,0.434705
torchxrayvision,0.024812,0.436494
torchxrayvision,0.025564,0.436494
torchxrayvision,0.025564,0.438283
torchxrayvision,0.026504,0.438283
torchxrayvision,0.026504,0.440072
torchxrayvision,0.026692,0.440072
torchxrayvision,0.026692,0.44186
torchxrayvision,0.027632,0.44186
torchxrayvision,0.027632,0.443649
torchxrayvision,0.02782,0.443649
torchxrayvision,0.02782,0.445438
torchxrayvision,0.028008,0.445438
torchxrayvision,0.028008,0.447227
torchxrayvision,0.028195,0.447227
torchxrayvision,0.028195,0.449016
torchxrayvision,0.028383,0.449016
torchxrayvision,0.028383,0.450805
torchxrayvision,0.028947,0.450805
torchxrayvision,0.028947,0.452594
torchxrayvision,0.029323,0.452594
torchxrayvision,0.029323,0.457961
torchxrayvision,0.029511,0.457961
torchxrayvision,0.029511,0.45975
torchxrayvision,0.029887,0.45975
torchxrayvision,0.029887,0.461538
torchxrayvision,0.030075,0.461538
torchxrayvision,0.030075,0.463327
torchxrayvision,0.030639,0.463327
torchxrayvision,0.030639,0.465116
torchxrayvision,0.031391,0.465116
torchxrayvision,0.031391,0.466905
torchxrayvision,0.031579,0.466905
torchxrayvision,0.031579,0.468694
torchxrayvision,0.031767,0.468694
torchxrayvision,0.031767,0.470483
torchxrayvision,0.031955,0.470483
torchxrayvision,0.031955,0.474061
torchxrayvision,0.032143,0.474061
torchxrayvision,0.032143,0.477639
torchxrayvision,0.034774,0.477639
torchxrayvision,0.034774,0.479428
torchxrayvision,0.035338,0.479428
torchxrayvision,0.035338,0.484794
torchxrayvision,0.035526,0.484794
torchxrayvision,0.035526,0.488372
torchxrayvision,0.036466,0.488372
torchxrayvision,0.036466,0.490161
torchxrayvision,0.037218,0.490161
torchxrayvision,0.037218,0.495528
torchxrayvision,0.037406,0.495528
torchxrayvision,0.037406,0.497317
torchxrayvision,0.037782,0.497317
torchxrayvision,0.037782,0.500894
torchxrayvision,0.038158,0.500894
torchxrayvision,0.038534,0.500894
torchxrayvision,0.038722,0.500894
torchxrayvision,0.038722,0.502683
torchxrayvision,0.040414,0.502683
torchxrayvision,0.040414,0.504472
torchxrayvision,0.041353,0.504472
torchxrayvision,0.041353,0.506261
torchxrayvision,0.042105,0.506261
torchxrayvision,0.042105,0.509839
torchxrayvision,0.043233,0.509839
torchxrayvision,0.043233,0.513417
torchxrayvision,0.043609,0.513417
torchxrayvision,0.043609,0.518784
torchxrayvision,0.043797,0.518784
torchxrayvision,0.043797,0.520572
torchxrayvision,0.045113,0.520572
torchxrayvision,0.045113,0.522361
torchxrayvision,0.045489,0.522361
torchxrayvision,0.045489,0.531306
torchxrayvision,0.046241,0.531306
torchxrayvision,0.046241,0.533095
torchxrayvision,0.046429,0.533095
torchxrayvision,0.046429,0.534884
torchxrayvision,0.046992,0.534884
torchxrayvision,0.046992,0.536673
torchxrayvision,0.047932,0.536673
torchxrayvision,0.047932,0.538462
torchxrayvision,0.048308,0.538462
torchxrayvision,0.048308,0.54025
torchxrayvision,0.048684,0.54025
torchxrayvision,0.048684,0.542039
torchxrayvision,0.049436,0.542039
torchxrayvision,0.049436,0.543828
torchxrayvision,0.050188,0.543828
torchxrayvision,0.050188,0.549195
torchxrayvision,0.051316,0.549195
torchxrayvision,0.051316,0.550984
torchxrayvision,0.051692,0.550984
torchxrayvision,0.051692,0.552773
torchxrayvision,0.052256,0.552773
torchxrayvision,0.052256,0.554562
torchxrayvision,0.052444,0.554562
torchxrayvision,0.052444,0.55814
torchxrayvision,0.05282,0.55814
torchxrayvision,0.05282,0.559928
torchxrayvision,0.053195,0.559928
torchxrayvision,0.053195,0.561717
torchxrayvision,0.053383,0.561717
torchxrayvision,0.053383,0.565295
torchxrayvision,0.053571,0.565295
torchxrayvision,0.053571,0.567084
torchxrayvision,0.053947,0.567084
torchxrayvision,0.053947,0.568873
torchxrayvision,0.055639,0.568873
torchxrayvision,0.056015,0.568873
torchxrayvision,0.057143,0.568873
torchxrayvision,0.057143,0.570662
torchxrayvision,0.058647,0.570662
torchxrayvision,0.058647,0.57424
torchxrayvision,0.059023,0.57424
torchxrayvision,0.059023,0.576029
torchxrayvision,0.060338,0.576029
torchxrayvision,0.060338,0.577818
torchxrayvision,0.060526,0.577818
torchxrayvision,0.060526,0.581395
torchxrayvision,0.060902,0.581395
torchxrayvision,0.060902,0.583184
torchxrayvision,0.06109,0.583184
torchxrayvision,0.06109,0.588551
torchxrayvision,0.061654,0.588551
torchxrayvision,0.061654,0.59034
torchxrayvision,0.061842,0.59034
torchxrayvision,0.061842,0.593918
torchxrayvision,0.062218,0.593918
torchxrayvision,0.062594,0.593918
torchxrayvision,0.06297,0.593918
torchxrayvision,0.06297,0.595707
torchxrayvision,0.063722,0.595707
torchxrayvision,0.063722,0.597496
torchxrayvision,0.06391,0.597496
torchxrayvision,0.06391,0.599284
torchxrayvision,0.065226,0.599284
torchxrayvision,0.065602,0.599284
torchxrayvision,0.065977,0.599284
torchxrayvision,0.066353,0.599284
torchxrayvision,0.066541,0.599284
torchxrayvision,0.066541,0.601073
torchxrayvision,0.067293,0.601073
torchxrayvision,0.067293,0.602862
torchxrayvision,0.068985,0.602862
torchxrayvision,0.068985,0.604651
torchxrayvision,0.069361,0.604651
torchxrayvision,0.069361,0.610018
torchxrayvision,0.070301,0.610018
torchxrayvision,0.070677,0.610018
torchxrayvision,0.070677,0.611807
torchxrayvision,0.072932,0.611807
torchxrayvision,0.072932,0.615385
torchxrayvision,0.073496,0.615385
torchxrayvision,0.073496,0.617174
torchxrayvision,0.076316,0.617174
torchxrayvision,0.076316,0.618962
torchxrayvision,0.079699,0.618962
torchxrayvision,0.080075,0.618962
torchxrayvision,0.080263,0.618962
torchxrayvision,0.080263,0.620751
torchxrayvision,0.080639,0.620751
torchxrayvision,0.080639,0.62254
torchxrayvision,0.081015,0.62254
torchxrayvision,0.081015,0.624329
torchxrayvision,0.083271,0.624329
torchxrayvision,0.083271,0.626118
torchxrayvision,0.086654,0.626118
torchxrayvision,0.086654,0.627907
torchxrayvision,0.086842,0.627907
torchxrayvision,0.086842,0.629696
torchxrayvision,0.08703,0.629696
torchxrayvision,0.08703,0.631485
torchxrayvision,0.087406,0.631485
torchxrayvision,0.087406,0.635063
torchxrayvision,0.088722,0.635063
torchxrayvision,0.088722,0.636852
torchxrayvision,0.089662,0.636852
torchxrayvision,0.089662,0.63864
torchxrayvision,0.090789,0.63864
torchxrayvision,0.090789,0.640429
torchxrayvision,0.090977,0.640429
torchxrayvision,0.090977,0.644007
torchxrayvision,0.091353,0.644007
torchxrayvision,0.091353,0.645796
torchxrayvision,0.091541,0.645796
torchxrayvision,0.091541,0.649374
torchxrayvision,0.092857,0.649374
torchxrayvision,0.092857,0.651163
torchxrayvision,0.093233,0.651163
torchxrayvision,0.093233,0.652952
torchxrayvision,0.095677,0.652952
torchxrayvision,0.095677,0.654741
torchxrayvision,0.09906,0.654741
torchxrayvision,0.09906,0.65653
torchxrayvision,0.099812,0.65653
torchxrayvision,0.099812,0.658318
torchxrayvision,0.100188,0.658318
torchxrayvision,0.100188,0.660107
torchxrayvision,0.101692,0.660107
torchxrayvision,0.101692,0.661896
torchxrayvision,0.102632,0.661896
torchxrayvision,0.102632,0.663685
torchxrayvision,0.10282,0.663685
torchxrayvision,0.10282,0.667263
torchxrayvision,0.103008,0.667263
torchxrayvision,0.103008,0.669052
torchxrayvision,0.104887,0.669052
torchxrayvision,0.105263,0.669052
torchxrayvision,0.105263,0.670841
torchxrayvision,0.106391,0.670841
torchxrayvision,0.106391,0.67263
torchxrayvision,0.107895,0.67263
torchxrayvision,0.107895,0.674419
torchxrayvision,0.109398,0.674419
torchxrayvision,0.109398,0.676208
torchxrayvision,0.111278,0.676208
torchxrayvision,0.111278,0.679785
torchxrayvision,0.113158,0.679785
torchxrayvision,0.113158,0.681574
torchxrayvision,0.114474,0.681574
torchxrayvision,0.114474,0.683363
torchxrayvision,0.114662,0.683363
torchxrayvision,0.114662,0.685152
torchxrayvision,0.118045,0.685152
torchxrayvision,0.118421,0.685152
torchxrayvision,0.119173,0.685152
torchxrayvision,0.119173,0.68873
torchxrayvision,0.120301,0.68873
torchxrayvision,0.120301,0.690519
torchxrayvision,0.121429,0.690519
torchxrayvision,0.121429,0.692308
torchxrayvision,0.121617,0.692308
torchxrayvision,0.121617,0.694097
torchxrayvision,0.123308,0.694097
torchxrayvision,0.123308,0.695886
torchxrayvision,0.12406,0.695886
torchxrayvision,0.12406,0.697674
torchxrayvision,0.124812,0.697674
torchxrayvision,0.124812,0.699463
torchxrayvision,0.125188,0.699463
torchxrayvision,0.125564,0.699463
torchxrayvision,0.12688,0.699463
torchxrayvision,0.127256,0.699463
torchxrayvision,0.12782,0.699463
torchxrayvision,0.12782,0.701252
torchxrayvision,0.128759,0.701252
torchxrayvision,0.128759,0.70483
torchxrayvision,0.131767,0.70483
torchxrayvision,0.132143,0.70483
torchxrayvision,0.132707,0.70483
torchxrayvision,0.132707,0.706619
torchxrayvision,0.134586,0.706619
torchxrayvision,0.134586,0.708408
torchxrayvision,0.134774,0.708408
torchxrayvision,0.134774,0.710197
torchxrayvision,0.13515,0.710197
torchxrayvision,0.13515,0.711986
torchxrayvision,0.135714,0.711986
torchxrayvision,0.135714,0.713775
torchxrayvision,0.139286,0.713775
torchxrayvision,0.139286,0.715564
torchxrayvision,0.140602,0.715564
torchxrayvision,0.140602,0.717352
torchxrayvision,0.141729,0.717352
torchxrayvision,0.141729,0.719141
torchxrayvision,0.142669,0.719141
torchxrayvision,0.142669,0.72093
torchxrayvision,0.143045,0.72093
torchxrayvision,0.143045,0.722719
torchxrayvision,0.146053,0.722719
torchxrayvision,0.146429,0.722719
torchxrayvision,0.148872,0.722719
torchxrayvision,0.148872,0.724508
torchxrayvision,0.152068,0.724508
torchxrayvision,0.152068,0.726297
torchxrayvision,0.154511,0.726297
torchxrayvision,0.154511,0.728086
torchxrayvision,0.154887,0.728086
torchxrayvision,0.154887,0.729875
torchxrayvision,0.156579,0.729875
torchxrayvision,0.156579,0.731664
torchxrayvision,0.159023,0.731664
torchxrayvision,0.159023,0.733453
torchxrayvision,0.159211,0.733453
torchxrayvision,0.159211,0.735242
torchxrayvision,0.166917,0.735242
torchxrayvision,0.166917,0.73703
torchxrayvision,0.170865,0.73703
torchxrayvision,0.170865,0.740608
torchxrayvision,0.171241,0.740608
torchxrayvision,0.171241,0.742397
torchxrayvision,0.172744,0.742397
torchxrayvision,0.172744,0.744186
torchxrayvision,0.172932,0.744186
torchxrayvision,0.172932,0.745975
torchxrayvision,0.175188,0.745975
torchxrayvision,0.175188,0.747764
torchxrayvision,0.17782,0.747764
torchxrayvision,0.17782,0.749553
torchxrayvision,0.178947,0.749553
torchxrayvision,0.178947,0.751342
torchxrayvision,0.180451,0.751342
torchxrayvision,0.180451,0.753131
torchxrayvision,0.181767,0.753131
torchxrayvision,0.181767,0.754919
torchxrayvision,0.182143,0.754919
torchxrayvision,0.182143,0.756708
torchxrayvision,0.182895,0.756708
torchxrayvision,0.182895,0.758497
torchxrayvision,0.183835,0.758497
torchxrayvision,0.183835,0.760286
torchxrayvision,0.184023,0.760286
torchxrayvision,0.184023,0.762075
torchxrayvision,0.185526,0.762075
torchxrayvision,0.185526,0.763864
torchxrayvision,0.186278,0.763864
torchxrayvision,0.186278,0.765653
torchxrayvision,0.186466,0.765653
torchxrayvision,0.186466,0.767442
torchxrayvision,0.186842,0.767442
torchxrayvision,0.187218,0.767442
torchxrayvision,0.190414,0.767442
torchxrayvision,0.190414,0.769231
torchxrayvision,0.193985,0.769231
torchxrayvision,0.193985,0.77102
torchxrayvision,0.196053,0.77102
torchxrayvision,0.196053,0.772809
torchxrayvision,0.197368,0.772809
torchxrayvision,0.197744,0.772809
torchxrayvision,0.201692,0.772809
torchxrayvision,0.201692,0.774597
torchxrayvision,0.203195,0.774597
torchxrayvision,0.203571,0.774597
torchxrayvision,0.203947,0.774597
torchxrayvision,0.203947,0.776386
torchxrayvision,0.204699,0.776386
torchxrayvision,0.205075,0.776386
torchxrayvision,0.207331,0.776386
torchxrayvision,0.207331,0.778175
torchxrayvision,0.207707,0.778175
torchxrayvision,0.208459,0.778175
torchxrayvision,0.208459,0.779964
torchxrayvision,0.21203,0.779964
torchxrayvision,0.21203,0.781753
torchxrayvision,0.216729,0.781753
torchxrayvision,0.216729,0.783542
torchxrayvision,0.217669,0.783542
torchxrayvision,0.218045,0.783542
torchxrayvision,0.218421,0.783542
torchxrayvision,0.218421,0.785331
torchxrayvision,0.220113,0.785331
torchxrayvision,0.220113,0.78712
torchxrayvision,0.220865,0.78712
torchxrayvision,0.221241,0.78712
torchxrayvision,0.221805,0.78712
torchxrayvision,0.22218,0.78712
torchxrayvision,0.225,0.78712
torchxrayvision,0.225,0.788909
torchxrayvision,0.226504,0.788909
torchxrayvision,0.226504,0.790698
torchxrayvision,0.227068,0.790698
torchxrayvision,0.227068,0.792487
torchxrayvision,0.228759,0.792487
torchxrayvision,0.228759,0.794275
torchxrayvision,0.229323,0.794275
torchxrayvision,0.229699,0.794275
torchxrayvision,0.230075,0.794275
torchxrayvision,0.230075,0.796064
torchxrayvision,0.234211,0.796064
torchxrayvision,0.234211,0.799642
torchxrayvision,0.237218,0.799642
torchxrayvision,0.237218,0.801431
torchxrayvision,0.239662,0.801431
torchxrayvision,0.240038,0.801431
torchxrayvision,0.240226,0.801431
torchxrayvision,0.240226,0.80322
torchxrayvision,0.241541,0.80322
torchxrayvision,0.241541,0.805009
torchxrayvision,0.241917,0.805009
torchxrayvision,0.242293,0.805009
torchxrayvision,0.246429,0.805009
torchxrayvision,0.246429,0.806798
torchxrayvision,0.248872,0.806798
torchxrayvision,0.248872,0.808587
torchxrayvision,0.25094,0.808587
torchxrayvision,0.25094,0.810376
torchxrayvision,0.254699,0.810376
torchxrayvision,0.254699,0.812165
torchxrayvision,0.257707,0.812165
torchxrayvision,0.257707,0.815742
torchxrayvision,0.258271,0.815742
torchxrayvision,0.258271,0.817531
torchxrayvision,0.258647,0.817531
torchxrayvision,0.259398,0.817531
torchxrayvision,0.259398,0.81932
torchxrayvision,0.259774,0.81932
torchxrayvision,0.26015,0.81932
torchxrayvision,0.26109,0.81932
torchxrayvision,0.26109,0.821109
torchxrayvision,0.267481,0.821109
torchxrayvision,0.267481,0.822898
torchxrayvision,0.268609,0.822898
torchxrayvision,0.268609,0.824687
torchxrayvision,0.275376,0.824687
torchxrayvision,0.275376,0.826476
torchxrayvision,0.276316,0.826476
torchxrayvision,0.276316,0.828265
torchxrayvision,0.282143,0.828265
torchxrayvision,0.282519,0.828265
torchxrayvision,0.282895,0.828265
torchxrayvision,0.282895,0.830054
torchxrayvision,0.287218,0.830054
torchxrayvision,0.287218,0.831843
torchxrayvision,0.294361,0.831843
torchxrayvision,0.294361,0.833631
torchxrayvision,0.295301,0.833631
torchxrayvision,0.295677,0.833631
torchxrayvision,0.300752,0.833631
torchxrayvision,0.300752,0.83542
torchxrayvision,0.301504,0.83542
torchxrayvision,0.30188,0.83542
torchxrayvision,0.307895,0.83542
torchxrayvision,0.307895,0.837209
torchxrayvision,0.309962,0.837209
torchxrayvision,0.309962,0.838998
torchxrayvision,0.310902,0.838998
torchxrayvision,0.311278,0.838998
torchxrayvision,0.312406,0.838998
torchxrayvision,0.312782,0.838998
torchxrayvision,0.318045,0.838998
torchxrayvision,0.318045,0.840787
torchxrayvision,0.319549,0.840787
torchxrayvision,0.319549,0.842576
torchxrayvision,0.322368,0.842576
torchxrayvision,0.322368,0.844365
torchxrayvision,0.322556,0.844365
torchxrayvision,0.322932,0.844365
torchxrayvision,0.323684,0.844365
torchxrayvision,0.323684,0.846154
torchxrayvision,0.330451,0.846154
torchxrayvision,0.330827,0.846154
torchxrayvision,0.331015,0.846154
torchxrayvision,0.331015,0.847943
torchxrayvision,0.333835,0.847943
torchxrayvision,0.334211,0.847943
torchxrayvision,0.334211,0.849732
torchxrayvision,0.33797,0.849732
torchxrayvision,0.338346,0.849732
torchxrayvision,0.339474,0.849732
torchxrayvision,0.339474,0.851521
torchxrayvision,0.345113,0.851521
torchxrayvision,0.345489,0.851521
torchxrayvision,0.346241,0.851521
torchxrayvision,0.346241,0.853309
torchxrayvision,0.346429,0.853309
torchxrayvision,0.346429,0.855098
torchxrayvision,0.353383,0.855098
torchxrayvision,0.353383,0.856887
torchxrayvision,0.356391,0.856887
torchxrayvision,0.356391,0.858676
torchxrayvision,0.356767,0.858676
torchxrayvision,0.356767,0.860465
torchxrayvision,0.357707,0.860465
torchxrayvision,0.357707,0.862254
torchxrayvision,0.358271,0.862254
torchxrayvision,0.358271,0.864043
torchxrayvision,0.359586,0.864043
torchxrayvision,0.359962,0.864043
torchxrayvision,0.367105,0.864043
torchxrayvision,0.367105,0.865832
torchxrayvision,0.372932,0.865832
torchxrayvision,0.372932,0.867621
torchxrayvision,0.374436,0.867621
torchxrayvision,0.374436,0.86941
torchxrayvision,0.377068,0.86941
torchxrayvision,0.377444,0.86941
torchxrayvision,0.381767,0.86941
torchxrayvision,0.382143,0.86941
torchxrayvision,0.384586,0.86941
torchxrayvision,0.384586,0.871199
torchxrayvision,0.384774,0.871199
torchxrayvision,0.384774,0.872987
torchxrayvision,0.387782,0.872987
torchxrayvision,0.387782,0.874776
torchxrayvision,0.392857,0.874776
torchxrayvision,0.392857,0.876565
torchxrayvision,0.403571,0.876565
torchxrayvision,0.403571,0.878354
torchxrayvision,0.410526,0.878354
torchxrayvision,0.410526,0.880143
torchxrayvision,0.41109,0.880143
torchxrayvision,0.41109,0.881932
torchxrayvision,0.415789,0.881932
torchxrayvision,0.415789,0.883721
torchxrayvision,0.417105,0.883721
torchxrayvision,0.417481,0.883721
torchxrayvision,0.420113,0.883721
torchxrayvision,0.420113,0.88551
torchxrayvision,0.424624,0.88551
torchxrayvision,0.424624,0.887299
torchxrayvision,0.428008,0.887299
torchxrayvision,0.428383,0.887299
torchxrayvision,0.429135,0.887299
torchxrayvision,0.429135,0.889088
torchxrayvision,0.43797,0.889088
torchxrayvision,0.43797,0.890877
torchxrayvision,0.442105,0.890877
torchxrayvision,0.442105,0.892665
torchxrayvision,0.448308,0.892665
torchxrayvision,0.448308,0.894454
torchxrayvision,0.450188,0.894454
torchxrayvision,0.450188,0.896243
torchxrayvision,0.452068,0.896243
torchxrayvision,0.452068,0.898032
torchxrayvision,0.454323,0.898032
torchxrayvision,0.454323,0.899821
torchxrayvision,0.466729,0.899821
torchxrayvision,0.466729,0.90161
torchxrayvision,0.467481,0.90161
torchxrayvision,0.467481,0.903399
torchxrayvision,0.471053,0.903399
torchxrayvision,0.471053,0.905188
torchxrayvision,0.48609,0.905188
torchxrayvision,0.48609,0.906977
torchxrayvision,0.490602,0.906977
torchxrayvision,0.490977,0.906977
torchxrayvision,0.496805,0.906977
torchxrayvision,0.496805,0.908766
torchxrayvision,0.49812,0.908766
torchxrayvision,0.498496,0.908766
torchxrayvision,0.5,0.908766
torchxrayvision,0.5,0.910555
torchxrayvision,0.501128,0.910555
torchxrayvision,0.501128,0.912343
torchxrayvision,0.501692,0.912343
torchxrayvision,0.501692,0.914132
torchxrayvision,0.505639,0.914132
torchxrayvision,0.505639,0.915921
torchxrayvision,0.507707,0.915921
torchxrayvision,0.508083,0.915921
torchxrayvision,0.512406,0.915921
torchxrayvision,0.512406,0.91771
torchxrayvision,0.522744,0.91771
torchxrayvision,0.52312,0.91771
torchxrayvision,0.52406,0.91771
torchxrayvision,0.524436,0.91771
torchxrayvision,0.536278,0.91771
torchxrayvision,0.536654,0.91771
torchxrayvision,0.536842,0.91771
torchxrayvision,0.536842,0.919499
torchxrayvision,0.538722,0.919499
torchxrayvision,0.538722,0.921288
torchxrayvision,0.53891,0.921288
torchxrayvision,0.539286,0.921288
torchxrayvision,0.542669,0.921288
torchxrayvision,0.542669,0.923077
torchxrayvision,0.546992,0.923077
torchxrayvision,0.546992,0.924866
torchxrayvision,0.55,0.924866
torchxrayvision,0.550376,0.924866
torchxrayvision,0.550564,0.924866
torchxrayvision,0.550564,0.926655
torchxrayvision,0.554135,0.926655
torchxrayvision,0.554135,0.928444
torchxrayvision,0.565226,0.928444
torchxrayvision,0.565226,0.930233
torchxrayvision,0.565414,0.930233
torchxrayvision,0.565414,0.932021
torchxrayvision,0.575188,0.932021
torchxrayvision,0.575188,0.93381
torchxrayvision,0.57782,0.93381
torchxrayvision,0.578195,0.93381
torchxrayvision,0.578947,0.93381
torchxrayvision,0.578947,0.935599
torchxrayvision,0.581579,0.935599
torchxrayvision,0.581579,0.937388
torchxrayvision,0.584774,0.937388
torchxrayvision,0.58515,0.937388
torchxrayvision,0.58797,0.937388
torchxrayvision,0.58797,0.939177
torchxrayvision,0.592293,0.939177
torchxrayvision,0.592293,0.940966
torchxrayvision,0.601504,0.940966
torchxrayvision,0.601504,0.942755
torchxrayvision,0.603383,0.942755
torchxrayvision,0.603383,0.944544
torchxrayvision,0.613346,0.944544
torchxrayvision,0.613346,0.946333
torchxrayvision,0.626128,0.946333
torchxrayvision,0.626128,0.948122
torchxrayvision,0.631955,0.948122
torchxrayvision,0.631955,0.949911
torchxrayvision,0.632895,0.949911
torchxrayvision,0.632895,0.951699
torchxrayvision,0.635902,0.951699
torchxrayvision,0.635902,0.953488
torchxrayvision,0.639662,0.953488
torchxrayvision,0.639662,0.955277
torchxrayvision,0.644737,0.955277
torchxrayvision,0.644737,0.957066
torchxrayvision,0.653383,0.957066
torchxrayvision,0.653383,0.958855
torchxrayvision,0.654323,0.958855
torchxrayvision,0.654323,0.960644
torchxrayvision,0.666165,0.960644
torchxrayvision,0.666165,0.962433
torchxrayvision,0.692105,0.962433
torchxrayvision,0.692105,0.964222
torchxrayvision,0.698872,0.964222
torchxrayvision,0.698872,0.966011
torchxrayvision,0.705639,0.966011
torchxrayvision,0.705639,0.9678
torchxrayvision,0.718797,0.9678
torchxrayvision,0.718797,0.969589
torchxrayvision,0.728571,0.969589
torchxrayvision,0.728947,0.969589
torchxrayvision,0.742481,0.969589
torchxrayvision,0.742857,0.969589
torchxrayvision,0.751128,0.969589
torchxrayvision,0.751128,0.971377
torchxrayvision,0.762782,0.971377
torchxrayvision,0.762782,0.973166
torchxrayvision,0.763534,0.973166
torchxrayvision,0.763534,0.974955
torchxrayvision,0.765038,0.974955
torchxrayvision,0.765414,0.974955
torchxrayvision,0.784586,0.974955
torchxrayvision,0.784586,0.976744
torchxrayvision,0.786466,0.976744
torchxrayvision,0.786842,0.976744
torchxrayvision,0.79906,0.976744
torchxrayvision,0.79906,0.978533
torchxrayvision,0.8,0.978533
torchxrayvision,0.800376,0.978533
torchxrayvision,0.813722,0.978533
torchxrayvision,0.813722,0.980322
torchxrayvision,0.831391,0.980322
torchxrayvision,0.831767,0.980322
torchxrayvision,0.84812,0.980322
torchxrayvision,0.84812,0.982111
torchxrayvision,0.871429,0.982111
torchxrayvision,0.871429,0.9839
torchxrayvision,0.889474,0.9839
torchxrayvision,0.889474,0.985689
torchxrayvision,0.892481,0.985689
torchxrayvision,0.892481,0.987478
torchxrayvision,0.936842,0.987478
torchxrayvision,0.936842,0.989267
torchxrayvision,0.941541,0.989267
torchxrayvision,0.941541,0.991055
torchxrayvision,0.972368,0.991055
torchxrayvision,0.972368,0.992844
torchxrayvision,0.97406,0.992844
torchxrayvision,0.97406,0.994633
torchxrayvision,0.989098,0.994633
torchxrayvision,0.989098,0.996422
torchxrayvision,0.989662,0.996422
torchxrayvision,0.989662,0.998211
torchxrayvision,0.998684,0.998211
torchxrayvision,0.998684,1.0
torchxrayvision,1.0,1.0
dinov2,0.0,0.0
dinov2,0.000188,0.001789
dinov2,0.000376,0.003578
dinov2,0.000564,0.005367
dinov2,0.000752,0.007156
dinov2,0.00094,0.012522
dinov2,0.001692,0.0161
dinov2,0.00188,0.017889
dinov2,0.002068,0.019678
dinov2,0.002444,0.026834
dinov2,0.002632,0.028623
dinov2,0.00282,0.030411
dinov2,0.003195,0.033989
dinov2,0.003383,0.037567
dinov2,0.003947,0.042934
dinov2,0.004135,0.044723
dinov2,0.005075,0.048301
dinov2,0.005263,0.050089
dinov2,0.005451,0.051878
dinov2,0.006203,0.060823
dinov2,0.006955,0.064401
dinov2,0.007143,0.06619
dinov2,0.007331,0.067979
dinov2,0.007519,0.069767
dinov2,0.007895,0.071556
dinov2,0.008271,0.076923
dinov2,0.009023,0.078712
dinov2,0.009774,0.080501
dinov2,0.010902,0.08229
dinov2,0.01109,0.089445
dinov2,0.011278,0.091234
dinov2,0.011466,0.093023
dinov2,0.011654,0.100179
dinov2,0.01203,0.103757
dinov2,0.012594,0.107335
dinov2,0.013346,0.109123
dinov2,0.014098,0.110912
dinov2,0.014474,0.112701
dinov2,0.014662,0.116279
dinov2,0.015038,0.118068
dinov2,0.015789,0.119857
dinov2,0.016165,0.121646
dinov2,0.016541,0.13059
dinov2,0.018797,0.132379
dinov2,0.019737,0.135957
dinov2,0.019925,0.139535
dinov2,0.020301,0.141324
dinov2,0.021053,0.143113
dinov2,0.022556,0.144902
dinov2,0.022744,0.146691
dinov2,0.02312,0.148479
dinov2,0.023684,0.153846
dinov2,0.024248,0.155635
dinov2,0.024436,0.157424
dinov2,0.024624,0.161002
dinov2,0.025376,0.16458
dinov2,0.026504,0.166369
dinov2,0.026692,0.168157
dinov2,0.027444,0.173524
dinov2,0.028008,0.173524
dinov2,0.028383,0.175313
dinov2,0.028947,0.175313
dinov2,0.030075,0.177102
dinov2,0.030451,0.178891
dinov2,0.030639,0.18068
dinov2,0.031391,0.182469
dinov2,0.034211,0.182469
dinov2,0.034398,0.186047
dinov2,0.034586,0.187835
dinov2,0.034774,0.189624
dinov2,0.03515,0.193202
dinov2,0.035338,0.194991
dinov2,0.035902,0.198569
dinov2,0.036654,0.200358
dinov2,0.037406,0.203936
dinov2,0.03891,0.205725
dinov2,0.041165,0.207513
dinov2,0.042105,0.209302
dinov2,0.042857,0.21288
dinov2,0.044361,0.214669
dinov2,0.045113,0.216458
dinov2,0.045301,0.218247
dinov2,0.045489,0.223614
dinov2,0.045677,0.227191
dinov2,0.046617,0.230769
dinov2,0.046805,0.232558
dinov2,0.04718,0.234347
dinov2,0.047556,0.236136
dinov2,0.048496,0.237925
dinov2,0.048684,0.241503
dinov2,0.049812,0.243292
dinov2,0.050188,0.245081
dinov2,0.050752,0.246869
dinov2,0.051692,0.250447
dinov2,0.052068,0.252236
dinov2,0.052444,0.254025
dinov2,0.05282,0.255814
dinov2,0.053008,0.259392
dinov2,0.053571,0.261181
dinov2,0.054323,0.26297
dinov2,0.055075,0.266547
dinov2,0.055451,0.268336
dinov2,0.056579,0.270125
dinov2,0.057707,0.271914
dinov2,0.058083,0.275492
dinov2,0.058459,0.277281
dinov2,0.059023,0.27907
dinov2,0.059586,0.280859
dinov2,0.060526,0.282648
dinov2,0.060714,0.284436
dinov2,0.060902,0.286225
dinov2,0.061466,0.286225
dinov2,0.06485,0.288014
dinov2,0.065414,0.289803
dinov2,0.065602,0.291592
dinov2,0.065977,0.293381
dinov2,0.066541,0.293381
dinov2,0.067669,0.29517
dinov2,0.069173,0.29517
dinov2,0.069737,0.296959
dinov2,0.070301,0.302326
dinov2,0.070489,0.304114
dinov2,0.071241,0.305903
dinov2,0.071805,0.307692
dinov2,0.074248,0.309481
dinov2,0.074624,0.31127
dinov2,0.075188,0.313059
dinov2,0.075564,0.318426
dinov2,0.07594,0.320215
dinov2,0.076128,0.322004
dinov2,0.076316,0.323792
dinov2,0.077068,0.323792
dinov2,0.077256,0.325581
dinov2,0.078571,0.32737
dinov2,0.079699,0.329159
dinov2,0.080639,0.332737
dinov2,0.081391,0.332737
dinov2,0.081955,0.334526
dinov2,0.082519,0.336315
dinov2,0.082895,0.338104
dinov2,0.083459,0.339893
dinov2,0.084774,0.341682
dinov2,0.084962,0.34347
dinov2,0.087218,0.347048
dinov2,0.087594,0.348837
dinov2,0.088534,0.350626
dinov2,0.089286,0.350626
dinov2,0.090226,0.352415
dinov2,0.090602,0.355993
dinov2,0.096241,0.357782
dinov2,0.096429,0.359571
dinov2,0.096992,0.363148
dinov2,0.097368,0.366726
dinov2,0.099436,0.368515
dinov2,0.099812,0.370304
dinov2,0.101504,0.373882
dinov2,0.102068,0.375671
dinov2,0.102256,0.37746
dinov2,0.102632,0.379249
dinov2,0.10282,0.381038
dinov2,0.104511,0.381038
dinov2,0.105075,0.381038
dinov2,0.106955,0.382826
dinov2,0.108083,0.384615
dinov2,0.108647,0.386404
dinov2,0.109023,0.388193
dinov2,0.109774,0.391771
dinov2,0.110526,0.39356
dinov2,0.113158,0.395349
dinov2,0.114098,0.397138
dinov2,0.115414,0.398927
dinov2,0.115602,0.402504
dinov2,0.116165,0.402504
dinov2,0.116541,0.404293
dinov2,0.117293,0.404293
dinov2,0.118045,0.406082
dinov2,0.118609,0.407871
dinov2,0.119173,0.40966
dinov2,0.119549,0.411449
dinov2,0.120865,0.413238
dinov2,0.121241,0.415027
dinov2,0.121617,0.416816
dinov2,0.12312,0.420394
dinov2,0.123684,0.422182
dinov2,0.123872,0.423971
dinov2,0.12406,0.42576
dinov2,0.125752,0.427549
dinov2,0.126128,0.431127
dinov2,0.128383,0.431127
dinov2,0.129887,0.436494
dinov2,0.131203,0.438283
dinov2,0.132895,0.440072
dinov2,0.133835,0.440072
dinov2,0.134586,0.440072
dinov2,0.134962,0.443649
dinov2,0.13515,0.445438
dinov2,0.135338,0.447227
dinov2,0.13609,0.449016
dinov2,0.13797,0.452594
dinov2,0.138534,0.456172
dinov2,0.138722,0.45975
dinov2,0.139286,0.45975
dinov2,0.139474,0.461538
dinov2,0.140414,0.463327
dinov2,0.141165,0.465116
dinov2,0.141917,0.465116
dinov2,0.142293,0.468694
dinov2,0.142857,0.472272
dinov2,0.143985,0.474061
dinov2,0.144737,0.47585
dinov2,0.146053,0.477639
dinov2,0.147368,0.479428
dinov2,0.14812,0.481216
dinov2,0.148308,0.484794
dinov2,0.148872,0.486583
dinov2,0.149812,0.486583
dinov2,0.151128,0.488372
dinov2,0.151504,0.490161
dinov2,0.15282,0.49195
dinov2,0.155263,0.493739
dinov2,0.155827,0.495528
dinov2,0.156015,0.497317
dinov2,0.156579,0.497317
dinov2,0.156767,0.499106
dinov2,0.157143,0.500894
dinov2,0.158647,0.504472
dinov2,0.160526,0.506261
dinov2,0.160902,0.50805
dinov2,0.161842,0.509839
dinov2,0.166353,0.516995
dinov2,0.168985,0.518784
dinov2,0.170301,0.520572
dinov2,0.17218,0.522361
dinov2,0.172368,0.52415
dinov2,0.17406,0.52415
dinov2,0.175,0.52415
dinov2,0.175188,0.525939
dinov2,0.175752,0.531306
dinov2,0.17594,0.534884
dinov2,0.176128,0.536673
dinov2,0.176504,0.538462
dinov2,0.176692,0.54025
dinov2,0.17688,0.542039
dinov2,0.178008,0.543828
dinov2,0.178571,0.545617
dinov2,0.180075,0.549195
dinov2,0.180263,0.550984
dinov2,0.180639,0.552773
dinov2,0.181203,0.552773
dinov2,0.184023,0.554562
dinov2,0.18609,0.556351
dinov2,0.186654,0.556351
dinov2,0.188534,0.561717
dinov2,0.18891,0.563506
dinov2,0.189474,0.565295
dinov2,0.189662,0.567084
dinov2,0.191165,0.568873
dinov2,0.193985,0.568873
dinov2,0.196617,0.568873
dinov2,0.196992,0.570662
dinov2,0.197932,0.572451
dinov2,0.198496,0.57424
dinov2,0.204887,0.576029
dinov2,0.206015,0.577818
dinov2,0.208835,0.579606
dinov2,0.209398,0.581395
dinov2,0.209586,0.583184
dinov2,0.210338,0.584973
dinov2,0.211842,0.586762
dinov2,0.21203,0.588551
dinov2,0.212406,0.59034
dinov2,0.214662,0.592129
dinov2,0.216729,0.593918
dinov2,0.217669,0.593918
dinov2,0.218797,0.595707
dinov2,0.221992,0.597496
dinov2,0.22406,0.599284
dinov2,0.225,0.599284
dinov2,0.225376,0.601073
dinov2,0.22594,0.604651
dinov2,0.226128,0.60644
dinov2,0.227444,0.608229
dinov2,0.230451,0.611807
dinov2,0.230827,0.613596
dinov2,0.231391,0.617174
dinov2,0.232143,0.618962
dinov2,0.23609,0.620751
dinov2,0.237594,0.62254
dinov2,0.239662,0.624329
dinov2,0.240602,0.626118
dinov2,0.242481,0.629696
dinov2,0.243233,0.631485
dinov2,0.243421,0.636852
dinov2,0.243985,0.636852
dinov2,0.244737,0.63864
dinov2,0.246429,0.640429
dinov2,0.247368,0.642218
dinov2,0.248684,0.644007
dinov2,0.24906,0.645796
dinov2,0.25,0.647585
dinov2,0.250752,0.649374
dinov2,0.253571,0.651163
dinov2,0.254135,0.652952
dinov2,0.255263,0.654741
dinov2,0.255639,0.658318
dinov2,0.256015,0.660107
dinov2,0.256203,0.661896
dinov2,0.257143,0.663685
dinov2,0.258083,0.665474
dinov2,0.259962,0.667263
dinov2,0.26109,0.669052
dinov2,0.265038,0.670841
dinov2,0.265789,0.67263
dinov2,0.266729,0.674419
dinov2,0.267669,0.676208
dinov2,0.269549,0.677996
dinov2,0.271053,0.677996
dinov2,0.272744,0.679785
dinov2,0.276128,0.681574
dinov2,0.276504,0.683363
dinov2,0.278571,0.683363
dinov2,0.278947,0.685152
dinov2,0.279699,0.68873
dinov2,0.280451,0.690519
dinov2,0.282707,0.692308
dinov2,0.288158,0.692308
dinov2,0.28891,0.694097
dinov2,0.292293,0.695886
dinov2,0.294549,0.697674
dinov2,0.295865,0.699463
dinov2,0.296241,0.701252
dinov2,0.29906,0.701252
dinov2,0.300752,0.701252
dinov2,0.301504,0.703041
dinov2,0.304511,0.703041
dinov2,0.304887,0.70483
dinov2,0.307331,0.706619
dinov2,0.307519,0.708408
dinov2,0.309586,0.710197
dinov2,0.309962,0.711986
dinov2,0.310902,0.713775
dinov2,0.31109,0.715564
dinov2,0.312594,0.717352
dinov2,0.318797,0.719141
dinov2,0.321805,0.719141
dinov2,0.323308,0.72093
dinov2,0.324248,0.722719
dinov2,0.326504,0.724508
dinov2,0.329699,0.726297
dinov2,0.332143,0.728086
dinov2,0.33515,0.729875
dinov2,0.335902,0.731664
dinov2,0.341165,0.733453
dinov2,0.342293,0.73703
dinov2,0.344549,0.738819
dinov2,0.345489,0.738819
dinov2,0.346805,0.740608
dinov2,0.347932,0.742397
dinov2,0.348308,0.744186
dinov2,0.349624,0.744186
dinov2,0.351128,0.745975
dinov2,0.353759,0.747764
dinov2,0.353947,0.749553
dinov2,0.354887,0.749553
dinov2,0.355827,0.749553
dinov2,0.359962,0.751342
dinov2,0.36015,0.753131
dinov2,0.362594,0.754919
dinov2,0.363722,0.756708
dinov2,0.371241,0.758497
dinov2,0.377068,0.758497
dinov2,0.377256,0.760286
dinov2,0.37782,0.762075
dinov2,0.380451,0.762075
dinov2,0.384211,0.762075
dinov2,0.392105,0.763864
dinov2,0.394361,0.765653
dinov2,0.395301,0.765653
dinov2,0.396241,0.767442
dinov2,0.396429,0.769231
dinov2,0.397744,0.77102
dinov2,0.399248,0.772809
dinov2,0.400564,0.774597
dinov2,0.402632,0.776386
dinov2,0.407143,0.778175
dinov2,0.407519,0.779964
dinov2,0.413534,0.781753
dinov2,0.414474,0.783542
dinov2,0.415226,0.783542
dinov2,0.419173,0.785331
dinov2,0.42312,0.78712
dinov2,0.426316,0.790698
dinov2,0.427632,0.792487
dinov2,0.431203,0.794275
dinov2,0.432707,0.796064
dinov2,0.439286,0.799642
dinov2,0.440414,0.801431
dinov2,0.441541,0.80322
dinov2,0.442105,0.80322
dinov2,0.445301,0.805009
dinov2,0.446241,0.806798
dinov2,0.448496,0.808587
dinov2,0.461654,0.810376
dinov2,0.46203,0.812165
dinov2,0.463722,0.812165
dinov2,0.464474,0.813953
dinov2,0.466729,0.815742
dinov2,0.469549,0.817531
dinov2,0.476316,0.821109
dinov2,0.484398,0.821109
dinov2,0.48515,0.822898
dinov2,0.486842,0.824687
dinov2,0.494737,0.826476
dinov2,0.496617,0.828265
dinov2,0.497368,0.828265
dinov2,0.498308,0.830054
dinov2,0.500376,0.831843
dinov2,0.505263,0.83542
dinov2,0.507143,0.837209
dinov2,0.509586,0.837209
dinov2,0.510526,0.838998
dinov2,0.512594,0.838998
dinov2,0.515977,0.840787
dinov2,0.519549,0.842576
dinov2,0.528571,0.842576
dinov2,0.529887,0.846154
dinov2,0.530639,0.847943
dinov2,0.531391,0.849732
dinov2,0.533835,0.851521
dinov2,0.53609,0.853309
dinov2,0.536654,0.855098
dinov2,0.540602,0.856887
dinov2,0.543045,0.856887
dinov2,0.543421,0.860465
dinov2,0.544549,0.862254
dinov2,0.545113,0.865832
dinov2,0.550564,0.867621
dinov2,0.559962,0.86941
dinov2,0.56297,0.86941
dinov2,0.56391,0.871199
dinov2,0.565226,0.872987
dinov2,0.565602,0.874776
dinov2,0.566729,0.874776
dinov2,0.569361,0.876565
dinov2,0.574248,0.876565
dinov2,0.582519,0.878354
dinov2,0.588722,0.880143
dinov2,0.589286,0.880143
dinov2,0.591541,0.881932
dinov2,0.599436,0.883721
dinov2,0.6,0.88551
dinov2,0.60188,0.887299
dinov2,0.607331,0.889088
dinov2,0.609962,0.889088
dinov2,0.612594,0.890877
dinov2,0.632331,0.892665
dinov2,0.63985,0.892665
dinov2,0.640977,0.896243
dinov2,0.641917,0.896243
dinov2,0.642481,0.896243
dinov2,0.644173,0.898032
dinov2,0.644737,0.899821
dinov2,0.646805,0.90161
dinov2,0.64906,0.903399
dinov2,0.656203,0.905188
dinov2,0.656955,0.906977
dinov2,0.657143,0.908766
dinov2,0.66109,0.910555
dinov2,0.667481,0.910555
dinov2,0.668985,0.912343
dinov2,0.670865,0.914132
dinov2,0.672556,0.915921
dinov2,0.672744,0.91771
dinov2,0.681203,0.91771
dinov2,0.682895,0.919499
dinov2,0.684398,0.921288
dinov2,0.691541,0.921288
dinov2,0.697368,0.921288
dinov2,0.699624,0.923077
dinov2,0.714098,0.924866
dinov2,0.715226,0.926655
dinov2,0.715789,0.928444
dinov2,0.718421,0.928444
dinov2,0.729699,0.928444
dinov2,0.736842,0.930233
dinov2,0.742669,0.932021
dinov2,0.747932,0.932021
dinov2,0.749248,0.932021
dinov2,0.750188,0.935599
dinov2,0.76391,0.937388
dinov2,0.764098,0.939177
dinov2,0.765977,0.940966
dinov2,0.767857,0.942755
dinov2,0.773684,0.944544
dinov2,0.778571,0.946333
dinov2,0.780075,0.948122
dinov2,0.785338,0.949911
dinov2,0.815226,0.951699
dinov2,0.819737,0.951699
dinov2,0.828759,0.953488
dinov2,0.834211,0.955277
dinov2,0.836466,0.957066
dinov2,0.840038,0.958855
dinov2,0.845677,0.960644
dinov2,0.846805,0.960644
dinov2,0.848308,0.962433
dinov2,0.85094,0.964222
dinov2,0.857331,0.966011
dinov2,0.864286,0.9678
dinov2,0.875188,0.969589
dinov2,0.87782,0.971377
dinov2,0.907895,0.973166
dinov2,0.912406,0.976744
dinov2,0.916541,0.978533
dinov2,0.928383,0.980322
dinov2,0.929699,0.982111
dinov2,0.944173,0.9839
dinov2,0.955451,0.9839
dinov2,0.959023,0.985689
dinov2,0.96109,0.985689
dinov2,0.963158,0.987478
dinov2,0.970113,0.991055
dinov2,0.985714,0.994633
dinov2,0.986842,0.996422
dinov2,0.997932,0.998211
dinov2,1.0,1.0
